date,open,high,low,close,volume,Name,daily_percentage_change,rolling_30_day_avg
2014-04-17,15.0,17.38,15.0,16.99,951088,NAVI,,
2014-04-21,16.97,17.37,16.33,16.82,444213,NAVI,-0.010005885815185295,
2014-04-22,16.63,17.0,16.63,16.8,576707,NAVI,-0.0011890606420927215,
2014-04-23,16.81,16.85,16.71,16.78,1608932,NAVI,-0.001190476190476165,
2014-04-24,16.85,16.86,16.45,16.63,368892,NAVI,-0.008939213349225395,
2014-04-25,16.9,16.92,16.32,16.89,1086546,NAVI,0.01563439567047514,
2014-04-28,16.93,16.93,16.38,16.67,1187928,NAVI,-0.013025458851391288,
2014-04-29,16.62,16.88,16.45,16.68,648522,NAVI,0.0005998800239950815,
2014-04-30,16.7,16.7,16.36,16.55,26746201,NAVI,-0.007793764988009533,
2014-05-01,16.12,17.36,16.12,17.0,3650133,NAVI,0.027190332326283945,
2014-05-02,17.01,17.3,16.87,16.95,2995032,NAVI,-0.002941176470588277,
2014-05-05,16.93,17.26,16.53,16.81,3978423,NAVI,-0.008259587020649002,
2014-05-06,16.69,16.8,16.25,16.34,14309226,NAVI,-0.027959547888161743,
2014-05-07,16.36,16.61,16.26,16.6,5692881,NAVI,0.015911872705018457,
2014-05-08,16.5,16.64,16.35,16.45,5668216,NAVI,-0.009036144578313381,
2014-05-09,16.3,16.51,16.03,16.28,2797016,NAVI,-0.010334346504559158,
2014-05-12,16.28,16.55,15.775,15.95,6980098,NAVI,-0.020270270270270382,
2014-05-13,15.78,16.13,15.78,15.85,8292045,NAVI,-0.006269592476489006,
2014-05-14,15.77,16.04,15.5,15.74,4577476,NAVI,-0.006940063091482614,
2014-05-15,15.66,16.0,15.59,15.74,4919040,NAVI,0.0,
2014-05-16,15.66,15.95,15.66,15.86,2786872,NAVI,0.007623888182973266,
2014-05-19,15.76,16.04,15.6638,16.02,4532436,NAVI,0.01008827238335436,
2014-05-20,16.1,16.165,15.82,15.94,9754753,NAVI,-0.004993757802746571,
2014-05-21,15.93,16.13,15.82,15.93,1743568,NAVI,-0.0006273525721455324,
2014-05-22,15.84,16.04,15.8,15.97,2128896,NAVI,0.0025109855618330773,
2014-05-23,16.0,16.13,15.97,16.07,2826416,NAVI,0.0062617407639323506,
2014-05-27,16.09,16.34,15.79,15.98,1726939,NAVI,-0.005600497822028616,
2014-05-28,16.02,16.05,15.665,15.68,4219138,NAVI,-0.01877346683354197,
2014-05-29,15.73,15.82,15.53,15.68,3463351,NAVI,0.0,
2014-05-30,15.63,15.91,15.63,15.8,5260986,NAVI,0.00765306122448986,16.315
2014-06-02,15.84,15.94,15.79,15.81,2986807,NAVI,0.0006329113924050498,16.275666666666666
2014-06-03,16.6,16.6,15.74,15.83,3483548,NAVI,0.001265022137887386,16.242666666666665
2014-06-04,15.6,15.96,15.58,15.89,3231455,NAVI,0.0037902716361339545,16.212333333333333
2014-06-05,16.03,16.68,15.9,16.67,4582403,NAVI,0.0490874764002518,16.208666666666666
2014-06-06,16.76,16.95,16.61,16.67,1622717,NAVI,0.0,16.21
2014-06-09,16.61,16.81,16.37,16.81,3169291,NAVI,0.008398320335932633,16.20733333333333
2014-06-10,16.72,17.0,16.7,16.8,3441830,NAVI,-0.0005948839976203458,16.211666666666666
2014-06-11,16.73,16.97,16.73,16.88,1857115,NAVI,0.00476190476190466,16.218333333333334
2014-06-12,16.81,16.9999,16.68,16.74,2336412,NAVI,-0.008293838862559275,16.224666666666668
2014-06-13,16.72,16.86,16.55,16.67,1485582,NAVI,-0.00418160095579431,16.21366666666667
2014-06-16,16.66,16.89,16.6,16.78,804878,NAVI,0.006598680263947176,16.208000000000002
2014-06-17,16.69,16.96,16.64,16.84,1268810,NAVI,0.0035756853396900308,16.209
2014-06-18,16.76,17.12,16.69,17.06,2268103,NAVI,0.013064133016627011,16.232999999999997
2014-06-19,17.01,17.32,16.725,17.19,3753998,NAVI,0.007620164126612108,16.252666666666666
2014-06-20,17.28,17.53,17.15,17.46,3907893,NAVI,0.015706806282722488,16.286333333333335
2014-06-23,17.45,17.77,17.45,17.68,4459996,NAVI,0.01260022909507439,16.333000000000002
2014-06-24,17.66,17.76,17.58,17.655,2609214,NAVI,-0.0014140271493211867,16.389833333333332
2014-06-25,17.6,17.76,17.52,17.61,5173531,NAVI,-0.002548853016142832,16.4485
2014-06-26,17.58,17.68,17.53,17.67,931667,NAVI,0.003407155025553792,16.512833333333337
2014-06-27,17.61,17.91,17.61,17.84,4649509,NAVI,0.009620826259196273,16.582833333333333
2014-06-30,17.76,17.98,17.64,17.71,2023702,NAVI,-0.007286995515695012,16.6445
2014-07-01,17.79,17.97,17.77,17.772,2274049,NAVI,0.003500846979107714,16.702900000000003
2014-07-02,17.75,17.94,17.635,17.77,2509893,NAVI,-0.00011253657438661331,16.7639
2014-07-03,17.76,17.89,17.68,17.7,1953706,NAVI,-0.003939223410241997,16.8229
2014-07-07,17.65,17.77,17.6,17.65,1747251,NAVI,-0.002824858757062187,16.8789
2014-07-08,17.6,17.7,17.44,17.6,4540638,NAVI,-0.002832861189801539,16.9299
2014-07-09,17.6,17.74,17.57,17.72,2496945,NAVI,0.006818181818181672,16.9879
2014-07-10,17.54,17.87,17.5,17.78,2692521,NAVI,0.003386004514672815,17.0579
2014-07-11,17.81,17.935,17.74,17.89,6752732,NAVI,0.006186726659167571,17.131566666666668
2014-07-14,17.97,18.065,17.82,18.0,2796720,NAVI,0.006148686416992701,17.204900000000002
2014-07-15,17.99,18.09,17.645,17.7,3716181,NAVI,-0.016666666666666705,17.2679
2014-07-16,17.71,17.915,17.49,17.82,3180617,NAVI,0.006779661016949209,17.334233333333334
2014-07-17,17.69,18.28,17.69,17.7,2805828,NAVI,-0.00673400673400679,17.394566666666666
2014-07-18,17.75,17.75,17.5,17.69,2191662,NAVI,-0.000564971751412317,17.428566666666665
2014-07-21,17.65,17.9,17.57,17.86,2268473,NAVI,0.009609949123798651,17.468233333333334
2014-07-22,17.88,17.99,17.83,17.97,1774509,NAVI,0.006159014557670741,17.506899999999998
2014-07-23,17.95,18.02,17.91,17.98,1414425,NAVI,0.0005564830272677554,17.54623333333333
2014-07-24,17.92,18.15,17.92,17.97,2131840,NAVI,-0.0005561735261402427,17.582566666666665
2014-07-25,17.9,18.15,17.78,17.87,1967620,NAVI,-0.005564830272676565,17.62023333333333
2014-07-28,17.8,18.05,17.66,17.99,2900432,NAVI,0.006715165081141434,17.664233333333335
2014-07-29,17.93,18.11,17.65,17.7,3500376,NAVI,-0.016120066703724244,17.6949
2014-07-30,17.7,17.97,17.48,17.58,3032346,NAVI,-0.006779661016949209,17.719566666666665
2014-07-31,17.53,17.96,17.19,17.2,3567958,NAVI,-0.021615472127417466,17.724233333333334
2014-08-01,17.2,17.5,17.14,17.34,1832520,NAVI,0.008139534883720963,17.729233333333333
2014-08-04,17.32,17.34,16.98,17.17,1700359,NAVI,-0.009803921568627345,17.719566666666665
2014-08-05,17.07,17.25,16.88,16.95,2091317,NAVI,-0.012813046010483541,17.69523333333333
2014-08-06,16.92,17.15,16.86,16.99,2538550,NAVI,0.0023598820058996547,17.673066666666667
2014-08-07,17.04,17.19,16.761,16.86,1392808,NAVI,-0.007651559741024074,17.64806666666667
2014-08-08,16.9,17.345,16.76,17.28,3591830,NAVI,0.024911032028469855,17.635066666666667
2014-08-11,17.35,17.39,17.09,17.1,1096330,NAVI,-0.010416666666666649,17.610400000000002
2014-08-12,17.11,17.17,16.94,17.1,1166896,NAVI,0.0,17.590066666666665
2014-08-13,17.15,17.235,17.07,17.17,940892,NAVI,0.004093567251462004,17.57
2014-08-14,17.15,17.17,17.04,17.15,1448196,NAVI,-0.001164822364589582,17.549333333333333
2014-08-15,17.16,17.25,16.86,17.02,1595089,NAVI,-0.007580174927113645,17.526666666666664
2014-08-18,17.13,17.51,17.07,17.38,2932780,NAVI,0.02115158636897764,17.517666666666667
2014-08-19,17.35,17.46,17.185,17.32,1413903,NAVI,-0.003452243958572999,17.508333333333333
2014-08-20,17.18,17.565,17.11,17.5,1279188,NAVI,0.010392609699769037,17.500999999999998
2014-08-21,17.5,17.54,17.29,17.46,1167229,NAVI,-0.002285714285714237,17.490333333333336
2014-08-22,17.42,17.6,17.37,17.45,1061992,NAVI,-0.0005727376861398375,17.475666666666665
2014-08-25,17.48,17.74,17.45,17.63,769614,NAVI,0.010315186246418322,17.46333333333333
2014-08-26,17.6,17.74,17.53,17.61,917005,NAVI,-0.001134429948950628,17.46033333333333
2014-08-27,17.58,17.77,17.58,17.71,840227,NAVI,0.005678591709256185,17.456666666666663
2014-08-28,17.62,17.8,17.53,17.72,911179,NAVI,0.0005646527385656697,17.457333333333334
2014-08-29,17.72,18.0,17.65,17.94,1990289,NAVI,0.01241534988713332,17.465666666666667
2014-09-02,17.94,18.13,17.88,17.98,1560694,NAVI,0.0022296544035673993,17.46966666666667
2014-09-03,18.01,18.09,17.91,17.98,1309433,NAVI,0.0,17.470000000000002
2014-09-04,17.96,18.175,17.96,17.96,1609867,NAVI,-0.0011123470522802878,17.469333333333335
2014-09-05,17.9,18.05,17.63,17.79,2305249,NAVI,-0.009465478841870918,17.46333333333333
2014-09-08,17.78,18.05,17.53,17.69,1883296,NAVI,-0.005621135469364692,17.457333333333334
2014-09-09,17.62,17.7,17.38,17.48,1588756,NAVI,-0.011871113623516158,17.440333333333335
2014-09-10,17.46,17.46,17.19,17.35,1206080,NAVI,-0.007437070938215046,17.42866666666667
2014-09-11,17.26,17.515,17.26,17.46,1300354,NAVI,0.0063400576368875744,17.424666666666667
2014-09-12,17.36,17.6599,17.36,17.62,1343128,NAVI,0.009163802978235975,17.438666666666666
2014-09-15,17.6,17.6,17.2,17.36,1394414,NAVI,-0.014755959137344015,17.439333333333334
2014-09-16,17.33,17.59,17.23,17.5,981544,NAVI,0.00806451612903229,17.450333333333333
2014-09-17,17.5,17.95,17.5,17.82,1182687,NAVI,0.0182857142857143,17.479333333333333
2014-09-18,17.84,17.96,17.8,17.85,1817421,NAVI,0.0016835016835017472,17.508
2014-09-19,17.94,17.95,17.8,17.86,2140327,NAVI,0.0005602240896357428,17.541333333333334
2014-09-22,17.79,17.95,17.68,17.82,1560020,NAVI,-0.0022396416573347787,17.55933333333333
2014-09-23,17.82,17.95,17.565,17.6,1775999,NAVI,-0.012345679012345616,17.576
2014-09-24,17.59,17.91,17.48,17.91,1968623,NAVI,0.01761363636363629,17.603
2014-09-25,17.83,17.93,17.61,17.73,1543644,NAVI,-0.010050251256281392,17.621666666666666
2014-09-26,17.71,17.77,17.54,17.68,956200,NAVI,-0.002820078962210982,17.639333333333333
2014-09-29,17.53,17.85,17.47,17.65,1386657,NAVI,-0.0016968325791855846,17.66033333333333
2014-09-30,17.64,17.87,17.61,17.71,1678906,NAVI,0.003399433427762169,17.671333333333333
2014-10-01,17.71,17.84,17.42,17.44,2330367,NAVI,-0.01524562394127609,17.675333333333334
2014-10-02,17.38,17.6,17.235,17.4,1741525,NAVI,-0.0022935779816515307,17.672
2014-10-03,17.45,17.6775,17.34,17.43,1739285,NAVI,0.0017241379310345482,17.671
2014-10-06,17.48,17.78,17.41,17.57,3435225,NAVI,0.008032128514056257,17.675
2014-10-07,17.52,17.665,17.3,17.3,2698982,NAVI,-0.015367103016505382,17.663999999999998
2014-10-08,17.27,17.38,16.98,17.34,4953239,NAVI,0.00231213872832365,17.654999999999998
2014-10-09,17.28,17.38,17.095,17.26,3039139,NAVI,-0.004613610149942231,17.64
2014-10-10,17.29,17.49,17.08,17.125,4295154,NAVI,-0.007821552723059186,17.620166666666666
2014-10-13,17.58,17.77,17.29,17.3,3456579,NAVI,0.010218978102189823,17.598833333333335
2014-10-14,17.38,17.59,17.38,17.47,3239694,NAVI,0.009826589595375615,17.581833333333336
2014-10-15,17.3,17.78,17.19,17.42,3793116,NAVI,-0.002862049227246546,17.563166666666667
2014-10-16,17.19,17.86,17.18,17.64,3868309,NAVI,0.01262916188289316,17.552500000000002
2014-10-17,17.73,18.62,17.71,18.61,4878778,NAVI,0.054988662131519206,17.579833333333333
2014-10-20,18.51,18.92,18.38,18.64,2515974,NAVI,0.0016120365394949564,17.6115
2014-10-21,18.85,18.9,18.55,18.79,3410493,NAVI,0.008047210300429108,17.655166666666666
2014-10-22,18.8,19.08,18.49,18.53,4271022,NAVI,-0.013837147418839704,17.694499999999998
2014-10-23,18.65,18.91,18.49,18.71,2624968,NAVI,0.00971397733405287,17.73616666666667
2014-10-24,18.75,19.08,18.75,18.9,1436577,NAVI,0.01015499732763216,17.778833333333335
2014-10-27,18.87,18.91,18.7,18.84,1602448,NAVI,-0.0031746031746031074,17.828166666666668
2014-10-28,18.87,19.1,18.78,19.04,1842489,NAVI,0.01061571125265389,17.8795
2014-10-29,19.01,19.33,18.85,19.26,1961049,NAVI,0.011554621848739623,17.9275
2014-10-30,19.24,19.54,19.16,19.5,1859731,NAVI,0.01246105919003107,17.982499999999998
2014-10-31,19.66,19.86,19.555,19.78,3215094,NAVI,0.014358974358974418,18.0465
2014-11-03,19.73,20.1,19.58,20.0,2863163,NAVI,0.011122345803842207,18.11916666666667
2014-11-04,19.69,19.71,19.39,19.46,2013661,NAVI,-0.026999999999999958,18.181166666666666
2014-11-05,19.68,19.73,19.18,19.62,3538759,NAVI,0.008221993833504632,18.238166666666665
2014-11-06,19.72,20.11,19.62,20.1,2726273,NAVI,0.024464831804281367,18.317166666666665
2014-11-07,20.05,20.26,19.91,20.21,2476343,NAVI,0.005472636815920369,18.401500000000002
2014-11-10,20.17,20.355,20.11,20.2,2319392,NAVI,-0.0004948045522019576,18.486499999999996
2014-11-11,20.18,20.33,20.011,20.3,1819417,NAVI,0.004950495049505021,18.572833333333335
2014-11-12,20.32,20.47,20.05,20.13,2179877,NAVI,-0.008374384236453286,18.6625
2014-11-13,20.44,20.78,20.27,20.78,2629723,NAVI,0.03229011425732748,18.775166666666667
2014-11-14,20.75,20.78,20.27,20.41,2158055,NAVI,-0.017805582290664146,18.8745
2014-11-17,20.33,20.84,20.31,20.81,1436762,NAVI,0.019598236158745643,18.9825
2014-11-18,20.71,21.055,20.66,20.87,1472078,NAVI,0.002883229216722839,19.1015
2014-11-19,20.54,20.78,20.54,20.71,1031334,NAVI,-0.007666506947771928,19.213833333333334
2014-11-20,20.71,20.87,20.62,20.7,2741860,NAVI,-0.00048285852245299674,19.328500000000002
2014-11-21,20.97,21.22,20.83,21.18,2867071,NAVI,0.02318840579710147,19.463666666666665
2014-11-24,21.18,21.32,20.89,20.94,2107232,NAVI,-0.011331444759206725,19.584999999999997
2014-11-25,20.93,21.02,20.86,20.95,2540107,NAVI,0.00047755491881556876,19.701000000000004
2014-11-26,20.95,21.02,20.81,20.91,1734105,NAVI,-0.0019093078758949473,19.817333333333334
2014-11-28,20.99,21.49,20.85,20.96,632426,NAVI,0.002391200382592095,19.928
2014-12-01,20.88,21.23,20.73,20.91,2833376,NAVI,-0.0023854961832061408,20.004666666666665
2014-12-02,21.0,21.27,20.81,20.97,1333695,NAVI,0.0028694404591104125,20.082333333333334
2014-12-03,20.87,21.03,20.52,20.9,2045715,NAVI,-0.003338102050548416,20.15266666666667
2014-12-04,20.8,21.0,20.621,20.82,1446810,NAVI,-0.0038277511961721674,20.229
2014-12-05,20.85,21.23,20.85,21.0,2982823,NAVI,0.008645533141210361,20.305333333333333
2014-12-08,21.01,21.49,20.95,21.29,2183500,NAVI,0.013809523809523768,20.385
2014-12-09,21.12,21.49,21.076,21.49,2398485,NAVI,0.009394081728511005,20.473333333333336
2014-12-10,21.4,21.79,21.26,21.28,2887488,NAVI,-0.009771986970683913,20.548000000000002
2014-12-11,21.35,21.62,21.25,21.49,4588901,NAVI,0.009868421052631452,20.622333333333337
2014-12-12,21.43,21.74,20.81,20.83,1542726,NAVI,-0.030711959050721275,20.666666666666668
2014-12-15,20.98,21.19,20.89,21.07,1978560,NAVI,0.01152184349495929,20.709666666666667
2014-12-16,21.04,21.35,20.87,20.88,2667813,NAVI,-0.009017560512577185,20.738999999999997
2014-12-17,20.94,21.27,20.83,21.26,1731681,NAVI,0.018199233716475218,20.799
2014-12-18,21.39,21.58,21.22,21.5,1684515,NAVI,0.011288805268109051,20.861666666666668
2014-12-19,21.51,22.4,21.51,22.35,7128021,NAVI,0.0395348837209303,20.936666666666667
2014-12-22,22.43,22.64,22.25,22.57,2311778,NAVI,0.009843400447427242,21.01533333333333
2014-12-23,22.71,22.71,22.33,22.35,1288767,NAVI,-0.009747452370403139,21.087
2014-12-24,22.45,22.69,22.16,22.17,616905,NAVI,-0.008053691275167772,21.149333333333335
2014-12-26,22.15,22.1901,21.925,21.96,836280,NAVI,-0.009472259810554842,21.21033333333333
2014-12-29,21.99,22.1,21.82,21.84,1055440,NAVI,-0.005464480874316985,21.24566666666667
2014-12-30,21.83,22.04,21.81,21.985,1645233,NAVI,0.00663919413919412,21.298166666666667
2014-12-31,22.09,22.25,21.6,21.61,1057798,NAVI,-0.017057084375710713,21.324833333333334
2015-01-02,21.71,22.0099,21.52,21.82,942587,NAVI,0.00971772327626103,21.356499999999997
2015-01-05,21.67,21.78,21.04,21.1,1102299,NAVI,-0.03299725022914752,21.369500000000002
2015-01-06,21.17,21.325,20.715,20.9,1419926,NAVI,-0.009478672985782125,21.376166666666666
2015-01-07,21.0,21.12,20.66,20.92,2889334,NAVI,0.0009569377990432118,21.367500000000003
2015-01-08,21.1,21.51,20.4,20.6,3124252,NAVI,-0.015296367112810719,21.356166666666663
2015-01-09,20.56,20.78,20.36,20.54,1664465,NAVI,-0.0029126213592234112,21.342499999999998
2015-01-12,20.51,20.688,20.02,20.17,1431640,NAVI,-0.018013631937682448,21.317833333333333
2015-01-13,20.28,20.58,19.965,20.22,2188825,NAVI,0.0024789291026275236,21.293166666666664
2015-01-14,20.1,20.32,19.8435,20.14,1753463,NAVI,-0.003956478733926721,21.2675
2015-01-15,20.07,20.44,19.87,20.11,1608205,NAVI,-0.0014895729890765212,21.238833333333332
2015-01-16,20.01,20.268,19.81,20.15,1804628,NAVI,0.001989060169070072,21.213833333333334
2015-01-20,20.24,20.275,19.57,19.67,1791675,NAVI,-0.023821339950372056,21.175500000000003
2015-01-21,19.22,20.09,17.16,19.96,3084051,NAVI,0.014743263853584094,21.140833333333333
2015-01-22,20.0,20.3799,19.2772,19.69,2551708,NAVI,-0.013527054108216412,21.0875
2015-01-23,19.57,20.09,19.34,19.47,2134458,NAVI,-0.011173184357542021,21.020166666666665
2015-01-26,19.36,19.62,19.27,19.55,2113521,NAVI,0.004108885464817764,20.9625
2015-01-27,19.43,19.88,19.41,19.8,3047923,NAVI,0.01278772378516624,20.906166666666664
2015-01-28,19.8,19.8,19.45,19.47,2721528,NAVI,-0.01666666666666676,20.860833333333336
2015-01-29,19.12,19.58,19.1,19.5,5054293,NAVI,0.001540832049306684,20.8085
2015-01-30,19.38,19.97,19.2,19.74,4173880,NAVI,0.012307692307692228,20.770500000000002
2015-02-02,19.75,20.15,19.57,20.05,3120747,NAVI,0.01570415400202646,20.730166666666666
2015-02-03,20.12,21.1,20.07,21.08,2543134,NAVI,0.05137157107231908,20.716166666666666
2015-02-04,20.93,21.21,20.629,21.0,2554434,NAVI,-0.0037950664136621585,20.671166666666668
2015-02-05,20.95,21.39,20.77,21.31,2165708,NAVI,0.014761904761904702,20.629166666666666
2015-02-06,21.38,21.46,21.18,21.35,1764050,NAVI,0.0018770530267481324,20.595833333333335
2015-02-09,22.17,22.17,21.19,21.57,2107723,NAVI,0.01030444964871189,20.575833333333332
2015-02-10,21.6,21.71,21.35,21.67,1598800,NAVI,0.004636068613815551,20.566166666666668
2015-02-11,21.57,22.05,21.43,21.95,1928712,NAVI,0.01292108906322093,20.569833333333335
2015-02-12,21.95,22.285,21.81,22.21,2427991,NAVI,0.011845102505694833,20.577333333333332
2015-02-13,22.07,22.405,21.87,22.37,2490613,NAVI,0.007203962179198565,20.602666666666664
2015-02-17,22.27,22.37,21.92,21.98,3000023,NAVI,-0.017434063477872176,20.608
2015-02-18,21.92,22.04,21.57,21.65,1882322,NAVI,-0.01501364877161064,20.62633333333333
2015-02-19,21.64,21.75,21.38,21.66,1418279,NAVI,0.0004618937644342524,20.651666666666667
2015-02-20,21.66,21.86,21.4,21.72,1670522,NAVI,0.002770083102493016,20.67833333333333
2015-02-23,21.63,21.83,21.455,21.81,1290575,NAVI,0.004143646408839773,20.718666666666667
2015-02-24,21.76,21.98,21.68,21.68,1657127,NAVI,-0.00596056854653824,20.756666666666664
2015-02-25,21.73,21.915,21.63,21.7,2443935,NAVI,0.0009225092250922313,20.807666666666666
2015-02-26,21.71,22.0,21.61,21.85,1742617,NAVI,0.0069124423963134625,20.862000000000002
2015-02-27,21.76,21.9099,21.33,21.4,2271775,NAVI,-0.020594965675057336,20.904
2015-03-02,19.07,19.67,18.44,19.51,10895823,NAVI,-0.08831775700934566,20.884
2015-03-03,19.4,20.18,19.15,20.05,4902313,NAVI,0.027678113787801082,20.88066666666667
2015-03-04,19.74,20.38,19.53,20.01,3011930,NAVI,-0.0019950124688278875,20.892
2015-03-05,20.02,20.115,19.76,19.99,1830410,NAVI,-0.0009995002498752186,20.892999999999997
2015-03-06,19.91,20.23,19.6,19.64,2117156,NAVI,-0.01750875437718849,20.891333333333332
2015-03-09,19.62,19.77,19.59,19.59,2075723,NAVI,-0.0025458248472505452,20.895333333333333
2015-03-10,19.37,19.66,19.2115,19.37,4398944,NAVI,-0.01123021949974471,20.889333333333333
2015-03-11,19.46,19.58,18.97,19.16,3948114,NAVI,-0.01084150748580283,20.868000000000002
2015-03-12,19.28,19.59,19.28,19.54,2605666,NAVI,0.019832985386221243,20.870333333333335
2015-03-13,19.45,19.53,19.21,19.28,3043634,NAVI,-0.013306038894575128,20.863
2015-03-16,19.36,19.81,19.34,19.66,2566837,NAVI,0.019709543568464678,20.860333333333333
2015-03-17,19.68,20.15,19.49,20.11,2691388,NAVI,0.022889114954221735,20.862333333333332
2015-03-18,20.0,20.1,19.645,20.06,1887751,NAVI,-0.0024863252113376784,20.828333333333333
2015-03-19,20.0,20.725,19.91,20.67,2907554,NAVI,0.03040877367896326,20.817333333333334
2015-03-20,20.71,21.03,20.655,20.7,4797564,NAVI,0.0014513788098692588,20.797000000000004
2015-03-23,20.77,21.05,20.65,20.75,2750105,NAVI,0.002415458937198102,20.777
2015-03-24,20.8,20.87,20.55,20.7,1757346,NAVI,-0.0024096385542169015,20.747999999999998
2015-03-25,20.77,20.875,20.33,20.33,2999606,NAVI,-0.01787439613526575,20.703333333333333
2015-03-26,20.25,20.25,20.035,20.16,1710428,NAVI,-0.008362026561731342,20.643666666666665
2015-03-27,20.01,20.35,19.89,20.16,1749064,NAVI,0.0,20.575333333333337
2015-03-30,20.19,20.19,19.96,20.08,2021002,NAVI,-0.00396825396825406,20.499000000000002
2015-03-31,19.87,20.54,19.87,20.33,3828183,NAVI,0.012450199203187252,20.444000000000003
2015-04-01,20.25,20.43,20.05,20.24,2074275,NAVI,-0.004426955238563692,20.397000000000002
2015-04-02,20.19,20.44,20.08,20.36,1849372,NAVI,0.005928853754940761,20.353666666666665
2015-04-06,20.19,20.38,20.09,20.32,1347582,NAVI,-0.001964636542239644,20.307000000000002
2015-04-07,20.28,20.3,20.09,20.11,1593250,NAVI,-0.010334645669291381,20.250333333333334
2015-04-08,20.16,20.36,20.01,20.25,1793076,NAVI,0.006961710591745429,20.20266666666667
2015-04-09,20.26,20.54,20.19,20.34,2456847,NAVI,0.0044444444444444375,20.157333333333334
2015-04-10,20.27,20.5199,20.21,20.26,1910766,NAVI,-0.0039331366764994245,20.104333333333333
2015-04-13,20.21,20.61,20.21,20.43,1251305,NAVI,0.008390918065152918,20.072
2015-04-14,20.37,20.64,20.28,20.39,1517674,NAVI,-0.0019579050416054402,20.101333333333333
2015-04-15,20.35,20.51,20.27,20.34,1644465,NAVI,-0.0024521824423737472,20.111
2015-04-16,20.36,20.5,20.23,20.29,2021057,NAVI,-0.0024582104228122277,20.12033333333333
2015-04-17,20.19,20.47,19.9,19.93,1922822,NAVI,-0.01774273040906848,20.118333333333332
2015-04-20,20.04,20.72,20.014,20.49,1566051,NAVI,0.028098344204716443,20.146666666666665
2015-04-21,20.5,20.72,20.36,20.53,2664510,NAVI,0.0019521717911177502,20.178
2015-04-22,20.51,20.95,20.32,20.61,2812837,NAVI,0.003896736483195241,20.219333333333335
2015-04-23,20.53,20.79,20.42,20.49,1883471,NAVI,-0.005822416302765697,20.263666666666666
2015-04-24,20.41,20.49,20.25,20.28,1790384,NAVI,-0.010248901903367365,20.288333333333334
2015-04-27,20.29,20.38,19.83,19.85,1487952,NAVI,-0.021203155818540417,20.307333333333336
2015-04-28,19.9,19.98,19.67,19.9,2135871,NAVI,0.0025188916876572875,20.315333333333335
2015-04-29,19.91,20.0,19.64,19.71,1755813,NAVI,-0.009547738693467223,20.302000000000003
2015-04-30,19.7,19.88,19.51,19.54,2319491,NAVI,-0.008625063419584054,20.284666666666666
2015-05-01,19.68,19.8,19.62,19.74,2618453,NAVI,0.010235414534288603,20.253666666666668
2015-05-04,19.77,19.96,19.62,19.64,1913619,NAVI,-0.0050658561296858095,20.21833333333333
2015-05-05,19.6,19.775,19.5001,19.58,2989339,NAVI,-0.0030549898167007267,20.179333333333332
2015-05-06,19.58,19.77,19.51,19.58,1883639,NAVI,0.0,20.142
2015-05-07,19.67,19.8,19.485,19.78,1753565,NAVI,0.010214504596527214,20.12366666666667
2015-05-08,19.85,20.09,19.8401,20.02,1442255,NAVI,0.012133468149646028,20.119000000000003
2015-05-11,19.98,20.06,19.93,19.97,3269881,NAVI,-0.002497502497502533,20.112666666666662
2015-05-12,19.98,20.18,19.89,20.12,1283463,NAVI,0.0075112669003506325,20.113999999999997
2015-05-13,20.08,20.17,19.77,19.79,2002389,NAVI,-0.016401590457256553,20.096
2015-05-14,19.93,20.065,19.6,19.83,3173318,NAVI,0.0020212228398180467,20.08233333333333
2015-05-15,19.89,19.92,19.08,19.16,2791140,NAVI,-0.033787191124558656,20.042333333333332
2015-05-18,19.05,19.23,18.94,19.06,2606585,NAVI,-0.005219206680584626,20.000333333333334
2015-05-19,19.04,19.34,19.04,19.31,3048606,NAVI,0.01311647429171039,19.973666666666666
2015-05-20,19.41,19.45,19.27,19.34,1788827,NAVI,0.0015535991714138342,19.94333333333333
2015-05-21,19.35,19.6,19.335,19.45,2003130,NAVI,0.005687693898655606,19.913666666666664
2015-05-22,19.39,19.53,19.32,19.33,1273674,NAVI,-0.006169665809768689,19.88266666666667
2015-05-26,19.34,19.49,19.1,19.13,2441408,NAVI,-0.010346611484738713,19.839333333333336
2015-05-27,19.25,19.505,19.13,19.37,1625358,NAVI,0.01254573967590183,19.805333333333337
2015-05-28,19.32,19.47,19.21,19.29,1390198,NAVI,-0.004130098089829728,19.770333333333333
2015-05-29,19.35,19.35,19.13,19.27,1854960,NAVI,-0.0010368066355624455,19.736333333333334
2015-06-01,19.38,19.54,19.16,19.34,1257553,NAVI,0.0036325895173845504,19.716666666666665
2015-06-02,19.23,19.44,19.23,19.38,2236456,NAVI,0.0020682523267838235,19.679666666666666
2015-06-03,19.29,19.5432,19.25,19.44,1496264,NAVI,0.0030959752321982597,19.64333333333333
2015-06-04,19.35,19.45,19.04,19.06,1638129,NAVI,-0.019547325102880788,19.591666666666665
2015-06-05,19.12,19.36,19.0,19.09,1449331,NAVI,0.0015739769150053063,19.544999999999998
2015-06-08,19.05,19.23,19.01,19.06,1276347,NAVI,-0.0015715034049241035,19.50433333333333
2015-06-09,19.12,19.19,18.85,18.9,1779443,NAVI,-0.008394543546694656,19.472666666666665
2015-06-10,18.94,19.4,18.83,19.4,1741554,NAVI,0.026455026455026457,19.456
2015-06-11,19.38,19.595,19.31,19.53,1745192,NAVI,0.006701030927835184,19.45
2015-06-12,19.52,19.57,19.32,19.43,972312,NAVI,-0.005120327700972935,19.44633333333333
2015-06-15,19.26,19.26,18.98,19.09,1381641,NAVI,-0.017498713329902205,19.424666666666667
2015-06-16,19.11,19.36,18.94,19.14,1887736,NAVI,0.0026191723415401108,19.408
2015-06-17,19.21,19.24,18.42,18.64,2300645,NAVI,-0.02612330198537095,19.376666666666665
2015-06-18,18.63,19.035,18.6,18.985,2723891,NAVI,0.01850858369098706,19.356833333333334
2015-06-19,18.89,18.95,18.72,18.93,5057832,NAVI,-0.002897023966289161,19.3285
2015-06-22,19.09,19.205,19.01,19.06,1546264,NAVI,0.006867406233491759,19.296499999999998
2015-06-23,19.1,19.255,19.09,19.1,1635551,NAVI,0.002098635886673804,19.267500000000002
2015-06-24,19.11,19.23,18.81,18.83,2881345,NAVI,-0.014136125654450424,19.2245
2015-06-25,18.83,18.85,18.54,18.555,1487690,NAVI,-0.014604354753053564,19.183333333333334
2015-06-26,18.66,18.81,18.43,18.44,3702122,NAVI,-0.006197790353004497,19.137
2015-06-29,18.36,18.55,18.09,18.11,1975671,NAVI,-0.01789587852494587,19.101999999999997
2015-06-30,18.2,18.39,18.09,18.21,1641632,NAVI,0.00552181115405861,19.073666666666668
2015-07-01,18.36,18.51,18.23,18.45,2452605,NAVI,0.013179571663920836,19.044999999999998
2015-07-02,18.54,18.6,18.365,18.45,1941471,NAVI,0.0,19.015333333333334
2015-07-06,18.21,18.62,18.21,18.61,2253678,NAVI,0.008672086720867217,18.987333333333332
2015-07-07,18.66,19.0,18.48,18.97,2724954,NAVI,0.019344438473938713,18.97533333333333
2015-07-08,18.86,18.89,18.54,18.57,1865451,NAVI,-0.021085925144965663,18.956666666666663
2015-07-09,18.79,18.92,18.5,18.53,1422322,NAVI,-0.002154011847065113,18.928666666666665
2015-07-10,18.78,18.78,18.33,18.37,2492940,NAVI,-0.008634646519158129,18.898
2015-07-13,17.43,18.5,17.42,18.36,2258746,NAVI,-0.0005443658138269767,18.867666666666665
2015-07-14,15.9,17.02,15.7601,16.42,8538103,NAVI,-0.10566448801742907,18.770333333333333
2015-07-15,16.66,16.68,16.34,16.56,4133519,NAVI,0.008526187576126491,18.676333333333332
2015-07-16,16.69,16.69,16.49,16.67,3180562,NAVI,0.006642512077294866,18.584
2015-07-17,16.46,16.9,16.45,16.86,3114756,NAVI,0.01139772045590868,18.510666666666665
2015-07-20,16.97,16.97,16.39,16.42,4692554,NAVI,-0.02609727164887294,18.42166666666667
2015-07-21,16.47,16.755,16.47,16.6,3615854,NAVI,0.010962241169305706,18.339666666666666
2015-07-22,16.67,16.67,16.16,16.23,3441288,NAVI,-0.02228915662650608,18.250666666666667
2015-07-23,16.33,16.475,16.16,16.39,2610848,NAVI,0.009858287122612455,18.150333333333332
2015-07-24,16.45,16.56,16.2,16.22,2282239,NAVI,-0.01037217815741316,18.04
2015-07-27,16.15,16.45,15.72,15.72,2518530,NAVI,-0.03082614056720088,17.916333333333334
2015-07-28,15.8,15.9,15.75,15.83,2272992,NAVI,0.006997455470737877,17.807666666666666
2015-07-29,15.77,15.91,15.73,15.77,2008183,NAVI,-0.0037902716361339545,17.695333333333334
2015-07-30,15.7,15.78,15.49,15.53,2955214,NAVI,-0.015218769816106545,17.591666666666665
2015-07-31,15.82,15.9,15.65,15.7,2987248,NAVI,0.01094655505473277,17.482166666666668
2015-08-03,15.77,15.88,15.555,15.66,2109996,NAVI,-0.0025477707006368883,17.373166666666666
2015-08-04,15.6,15.745,15.53,15.58,1749373,NAVI,-0.005108556832694768,17.257166666666667
2015-08-05,15.62,15.94,15.595,15.61,2891250,NAVI,0.001925545571245145,17.140833333333333
2015-08-06,15.66,15.66,15.2,15.37,3549583,NAVI,-0.015374759769378618,17.0255
2015-08-07,15.34,15.625,15.3,15.61,2263907,NAVI,0.015614834092387782,16.927333333333333
2015-08-10,15.69,16.0,15.69,15.91,1713108,NAVI,0.0192184497117233,16.843
2015-08-11,15.53,15.9,15.36,15.39,2697594,NAVI,-0.03268384663733498,16.752333333333333
2015-08-12,15.49,15.49,15.11,15.31,2995734,NAVI,-0.005198180636777132,16.65566666666667
2015-08-13,15.25,15.32,14.75,14.79,3443567,NAVI,-0.03396472893533647,16.533666666666665
2015-08-14,14.83,14.87,14.58,14.76,4360301,NAVI,-0.002028397565922878,16.410666666666668
2015-08-17,14.76,14.96,14.61,14.83,3502979,NAVI,0.0047425474254742745,16.284666666666666
2015-08-18,14.88,15.0,14.6,14.77,2603689,NAVI,-0.004045853000674342,16.14466666666667
2015-08-19,14.66,14.73,14.55,14.62,1921647,NAVI,-0.010155721056195013,16.012999999999998
2015-08-20,14.43,14.485,14.05,14.06,3007665,NAVI,-0.03830369357045135,15.863999999999999
2015-08-21,13.98,14.27,13.89,13.89,2829301,NAVI,-0.012091038406827875,15.714666666666666
2015-08-24,13.34,14.0,12.89,13.06,7450659,NAVI,-0.059755219582433405,15.538000000000002
2015-08-25,13.23,13.23,12.02,12.04,9032839,NAVI,-0.0781010719754978,15.392
2015-08-26,12.25,12.55,12.01,12.52,4831183,NAVI,0.039867109634551534,15.257333333333333
2015-08-27,12.81,13.085,12.67,13.0,4580211,NAVI,0.03833865814696489,15.135
2015-08-28,12.93,13.15,12.8,13.05,2634685,NAVI,0.003846153846153901,15.008
2015-08-31,12.93,12.98,12.68,12.79,5772299,NAVI,-0.019923371647509697,14.887
2015-09-01,12.51,12.65,12.3,12.35,3658508,NAVI,-0.034401876465989016,14.745333333333333
2015-09-02,12.4,12.53,11.97,12.16,3843304,NAVI,-0.015384615384615346,14.609666666666666
2015-09-03,12.2,12.37,12.09,12.15,3555263,NAVI,-0.0008223684210526141,14.468333333333334
2015-09-04,11.96,12.1,11.79,11.94,3019932,NAVI,-0.017283950617284022,14.325666666666669
2015-09-08,12.74,12.99,12.13,12.3,5676822,NAVI,0.030150753768844324,14.211666666666666
2015-09-09,12.44,12.54,12.21,12.29,4643493,NAVI,-0.0008130081300814279,14.093666666666667
2015-09-10,12.31,12.68,12.26,12.64,5694657,NAVI,0.028478437754271883,13.989333333333331
2015-09-11,12.52,12.57,12.225,12.45,7487718,NAVI,-0.015031645569620354,13.886666666666667
2015-09-14,12.44,12.52,12.28,12.44,4123232,NAVI,-0.0008032128514056054,13.778
2015-09-15,12.74,12.74,12.275,12.37,4440029,NAVI,-0.0056270096463022735,13.668333333333331
2015-09-16,12.37,12.71,12.37,12.65,7558031,NAVI,0.022635408245755953,13.570666666666666
2015-09-17,12.66,12.91,12.48,12.55,5278393,NAVI,-0.00790513833992092,13.468666666666667
2015-09-18,12.39,12.76,12.2732,12.66,9403097,NAVI,0.008764940239043778,13.378333333333332
2015-09-21,12.72,12.8,12.595,12.65,4151190,NAVI,-0.0007898894154818157,13.279666666666667
2015-09-22,12.5,12.64,12.11,12.4,3926577,NAVI,-0.019762845849802372,13.162666666666667
2015-09-23,12.38,12.54,12.28,12.47,3997011,NAVI,0.005645161290322604,13.065333333333335
2015-09-24,12.34,12.53,12.27,12.5,4376088,NAVI,0.0024057738572573666,12.971666666666668
2015-09-25,12.58,12.6499,12.34,12.44,4674003,NAVI,-0.0048000000000000395,12.893333333333334
2015-09-28,12.4,12.485,11.995,12.16,5161008,NAVI,-0.022508038585208952,12.806666666666667
2015-09-29,12.16,12.23,11.59,11.63,8504178,NAVI,-0.04358552631578942,12.7
2015-09-30,11.75,11.87,10.945,11.24,10417236,NAVI,-0.03353396388650048,12.582333333333333
2015-10-01,11.24,11.29,10.68,10.96,11040348,NAVI,-0.024911032028469695,12.460333333333333
2015-10-02,10.74,11.11,10.62,11.04,7013749,NAVI,0.007299270072992544,12.359666666666667
2015-10-05,11.08,11.6599,11.08,11.48,5702521,NAVI,0.03985507246376824,12.279333333333334
2015-10-06,11.43,11.75,11.39,11.63,5169279,NAVI,0.013066202090592364,12.231666666666666
2015-10-07,11.73,12.1,11.7,11.98,8565584,NAVI,0.030094582975064454,12.229666666666668
2015-10-08,12.13,12.26,12.01,12.1,5464278,NAVI,0.010016694490817964,12.215666666666666
2015-10-09,12.14,12.37,11.9,11.96,6033029,NAVI,-0.011570247933884198,12.181000000000001
2015-10-12,11.98,12.06,11.8,11.88,3388512,NAVI,-0.006688963210702346,12.142000000000001
2015-10-13,11.84,11.965,11.78,11.87,5282966,NAVI,-0.0008417508417509732,12.111333333333334
2015-10-14,11.92,12.06,11.7,11.77,5383798,NAVI,-0.008424599831507973,12.092
2015-10-15,11.81,12.065,11.77,12.03,3922113,NAVI,0.022090059473237025,12.087666666666667
2015-10-16,12.09,12.33,11.95,12.26,3073711,NAVI,0.019118869492934367,12.091333333333331
2015-10-19,12.17,12.28,11.98,12.27,6179626,NAVI,0.0008156606851549581,12.102333333333332
2015-10-20,12.32,12.735,12.2806,12.66,5913879,NAVI,0.03178484107579467,12.114333333333333
2015-10-21,12.82,13.13,12.65,12.89,5371965,NAVI,0.018167456556082182,12.134333333333334
2015-10-22,12.99,13.17,12.71,12.96,7367958,NAVI,0.005430566330488773,12.145000000000001
2015-10-23,13.09,13.77,13.0,13.55,6200644,NAVI,0.04552469135802468,12.181666666666667
2015-10-26,13.56,13.585,13.16,13.5,3931623,NAVI,-0.003690036900369056,12.217
2015-10-27,13.39,13.45,13.1,13.41,4673488,NAVI,-0.006666666666666656,12.251666666666667
2015-10-28,13.43,13.83,13.26,13.8,3507364,NAVI,0.029082774049217046,12.29
2015-10-29,13.71,13.83,13.17,13.24,3052223,NAVI,-0.04057971014492757,12.312999999999999
2015-10-30,13.28,13.34,13.17,13.19,2088401,NAVI,-0.003776435045317274,12.330666666666668
2015-11-02,13.23,13.51,13.21,13.48,2363458,NAVI,0.021986353297953065,12.358333333333333
2015-11-03,13.42,13.6,12.51,13.4,4316712,NAVI,-0.005934718100890213,12.391666666666667
2015-11-04,13.47,13.925,13.355,13.41,3982518,NAVI,0.000746268656716402,12.423
2015-11-05,13.41,13.532,12.97,13.23,3038026,NAVI,-0.013422818791946288,12.447333333333331
2015-11-06,13.32,13.4,13.075,13.26,2481376,NAVI,0.002267573696145076,12.474666666666668
2015-11-09,13.28,13.37,12.81,12.95,2206068,NAVI,-0.023378582202111652,12.501000000000001
2015-11-10,12.93,13.0,12.47,12.72,3286077,NAVI,-0.01776061776061766,12.537333333333333
2015-11-11,12.73,12.79,12.4,12.51,2600590,NAVI,-0.016509433962264217,12.579666666666666
2015-11-12,12.41,12.545,12.14,12.24,4548172,NAVI,-0.021582733812949607,12.622333333333334
2015-11-13,12.44,12.44,11.91,12.02,3754337,NAVI,-0.017973856209150377,12.655000000000001
2015-11-16,11.99,12.16,11.77,11.98,3678016,NAVI,-0.003327787021630545,12.671666666666665
2015-11-17,12.03,12.07,11.81,11.89,2199272,NAVI,-0.007512520868113511,12.680333333333332
2015-11-18,11.93,12.06,11.78,12.04,2368638,NAVI,0.012615643397813169,12.682333333333332
2015-11-19,12.06,12.17,11.68,11.7,6968700,NAVI,-0.0282392026578073,12.669
2015-11-20,11.76,11.9,11.62,11.85,7120161,NAVI,0.012820512820512851,12.665333333333333
2015-11-23,11.84,12.16,11.74,11.9,5254081,NAVI,0.004219409282700482,12.665999999999999
2015-11-24,11.8,12.02,11.65,11.87,4028096,NAVI,-0.00252100840336144,12.665999999999999
2015-11-25,11.85,11.86,11.72,11.73,1470621,NAVI,-0.011794439764111105,12.664666666666667
2015-11-27,11.78,11.82,11.61,11.77,675985,NAVI,0.003410059676044258,12.656
2015-11-30,11.9,11.93,11.52,11.91,5966622,NAVI,0.011894647408666149,12.644333333333334
2015-12-01,11.94,12.26,11.8,12.25,4723854,NAVI,0.028547439126784202,12.643666666666666
2015-12-02,12.04,12.2,11.87,11.98,5222343,NAVI,-0.022040816326530578,12.621
2015-12-03,12.03,12.095,11.65,11.74,4800042,NAVI,-0.020033388981636077,12.582666666666665
2015-12-04,11.76,12.15,11.76,12.04,3626332,NAVI,0.02555366269165238,12.552
2015-12-07,12.0,12.14,11.74,11.92,3763317,NAVI,-0.009966777408637809,12.497666666666667
2015-12-08,11.83,11.925,11.59,11.72,3097254,NAVI,-0.016778523489932827,12.438333333333333
2015-12-09,11.69,12.14,11.66,11.74,3540233,NAVI,0.0017064846416381888,12.382666666666667
2015-12-10,11.75,12.52,11.72,12.38,4388571,NAVI,0.05451448040885865,12.335333333333333
2015-12-11,12.32,12.4399,12.14,12.35,5474947,NAVI,-0.0024232633279483956,12.305666666666667
2015-12-14,12.36,12.56,12.01,12.16,4373368,NAVI,-0.015384615384615346,12.271333333333333
2015-12-15,12.25,12.525,12.23,12.355,3823594,NAVI,0.016036184210526338,12.233833333333333
2015-12-16,12.42,12.95,12.29,12.77,7846281,NAVI,0.03358963982193437,12.212833333333332
2015-12-17,12.8,12.915,12.47,12.48,5703462,NAVI,-0.02270947533281121,12.181833333333334
2015-12-18,12.39,12.47,11.92,11.92,12972289,NAVI,-0.04487179487179491,12.138166666666669
2015-12-21,12.08,12.13,11.66,11.8,3757257,NAVI,-0.010067114093959667,12.089499999999997
2015-12-22,11.84,11.93,11.6,11.7,7401199,NAVI,-0.00847457627118656,12.047833333333333
2015-12-23,11.75,12.15,11.71,12.15,11500292,NAVI,0.038461538461538554,12.028833333333333
2015-12-24,12.21,12.77,12.2,12.61,1909422,NAVI,0.03786008230452667,12.032166666666667
2015-12-28,12.5,12.51,11.31,11.46,9365302,NAVI,-0.09119746233148285,12.006166666666667
2015-12-29,11.49,11.67,11.4,11.49,4835636,NAVI,0.002617801047120363,11.988499999999998
2015-12-30,11.53,11.572,11.32,11.33,3204537,NAVI,-0.013925152306353362,11.966833333333334
2015-12-31,11.3,11.59,11.23,11.45,2631775,NAVI,0.010591350397175571,11.952166666666669
2016-01-04,11.34,11.59,11.18,11.5,7240739,NAVI,0.004366812227074298,11.934166666666668
2016-01-05,11.5,11.7399,10.94,11.34,5980697,NAVI,-0.013913043478260882,11.922166666666667
2016-01-06,11.21,11.255,10.83,10.93,5080532,NAVI,-0.0361552028218695,11.8915
2016-01-07,10.74,10.84,10.2,10.27,6119111,NAVI,-0.06038426349496799,11.837166666666667
2016-01-08,10.37,10.52,10.03,10.18,7169790,NAVI,-0.00876338851022394,11.780833333333334
2016-01-11,10.21,10.275,9.8,10.0,5127842,NAVI,-0.017681728880157142,11.723166666666666
2016-01-12,10.15,10.28,9.81,10.01,4644422,NAVI,0.0009999999999999788,11.6645
2016-01-13,10.07,10.2025,9.42,9.42,5927814,NAVI,-0.05894105894105893,11.5815
2016-01-14,9.44,9.51,9.04,9.4,5327653,NAVI,-0.0021231422505307404,11.4865
2016-01-15,9.13,9.31,8.9031,9.0,6395720,NAVI,-0.042553191489361736,11.387166666666667
2016-01-19,8.95,9.15,8.74,8.76,5302614,NAVI,-0.02666666666666669,11.287833333333333
2016-01-20,8.58,9.08,8.2904,8.97,7800069,NAVI,0.023972602739726127,11.1855
2016-01-21,9.08,9.44,9.0,9.16,4435725,NAVI,0.02118171683389069,11.0935
2016-01-22,9.34,9.589,9.08,9.24,5801973,NAVI,0.00873362445414848,11.010833333333332
2016-01-25,9.2,9.24,8.82,8.87,5801317,NAVI,-0.04004329004329015,10.915166666666666
2016-01-26,8.9,9.49,8.87,9.45,3971165,NAVI,0.06538895152198423,10.817499999999999
2016-01-27,9.08,9.98,9.07,9.47,7304017,NAVI,0.0021164021164022592,10.721499999999999
2016-01-28,9.57,9.82,9.0,9.03,5005175,NAVI,-0.04646251319957775,10.617166666666666
2016-01-29,9.09,9.61,9.06,9.56,5873461,NAVI,0.0586932447397565,10.524
2016-02-01,9.51,9.595,9.18,9.31,4179555,NAVI,-0.02615062761506276,10.408666666666667
2016-02-02,9.15,9.2623,8.75,8.76,4552859,NAVI,-0.05907626208378095,10.284666666666668
2016-02-03,8.8,9.24,8.385,9.18,3704382,NAVI,0.047945205479452045,10.193333333333332
2016-02-04,9.12,9.73,8.9901,9.54,3440585,NAVI,0.03921568627450974,10.118
2016-02-05,9.52,9.67,9.375,9.51,3490502,NAVI,-0.003144654088050248,10.044999999999998
2016-02-08,9.28,9.29,8.68,8.94,3613128,NAVI,-0.05993690851735019,9.937999999999999
2016-02-09,8.88,8.89,8.42,8.5,10189497,NAVI,-0.04921700223713641,9.800999999999998
2016-02-10,8.62,8.7,8.44,8.55,5344285,NAVI,0.005882352941176554,9.704
2016-02-11,8.38,8.54,8.2,8.41,3718273,NAVI,-0.016374269005848017,9.601333333333335
2016-02-12,8.49,9.15,8.48,9.13,4381672,NAVI,0.08561236623067783,9.528
2016-02-16,9.19,9.68,9.14,9.66,3381904,NAVI,0.058050383351588096,9.468333333333332
2016-02-17,9.73,10.32,9.6975,9.91,4335309,NAVI,0.02587991718426501,9.415333333333333
2016-02-18,9.92,10.18,9.76,10.13,3029454,NAVI,0.02219979818365294,9.375
2016-02-19,10.11,10.11,9.73,9.92,2503374,NAVI,-0.020730503455083992,9.341333333333333
2016-02-22,10.13,10.38,10.1,10.36,2575112,NAVI,0.044354838709677366,9.344333333333333
2016-02-23,10.29,10.49,10.12,10.24,2903474,NAVI,-0.011583011583011508,9.346333333333332
2016-02-24,10.01,10.3585,9.67,10.29,2762660,NAVI,0.004882812499999896,9.356
2016-02-25,10.29,10.72,10.1,10.66,3027632,NAVI,0.03595724003887279,9.377666666666666
2016-02-26,10.73,10.99,10.55,10.59,3253318,NAVI,-0.006566604127579764,9.416666666666666
2016-02-29,10.63,11.06,10.56,10.83,4662254,NAVI,0.02266288951841362,9.464333333333334
2016-03-01,10.89,11.25,10.66,10.94,5382742,NAVI,0.010156971375807889,9.529
2016-03-02,10.84,10.9,10.4,10.89,3759957,NAVI,-0.004570383912248532,9.6
2016-03-03,10.86,11.39,10.81,11.27,3145222,NAVI,0.03489439853076207,9.676666666666668
2016-03-04,11.13,11.65,11.13,11.4,3683965,NAVI,0.011535048802129617,9.751333333333331
2016-03-07,11.35,11.465,11.1676,11.39,4002823,NAVI,-0.0008771929824561216,9.823
2016-03-08,11.3,11.36,10.94,11.1,3665555,NAVI,-0.025460930640913162,9.897333333333334
2016-03-09,11.19,11.39,11.05,11.2,2781080,NAVI,0.009009009009008978,9.955666666666668
2016-03-10,11.28,11.75,11.28,11.66,5461037,NAVI,0.04107142857142865,10.028666666666668
2016-03-11,11.74,12.0,11.64,11.97,3278426,NAVI,0.02658662092624361,10.126666666666667
2016-03-14,12.0,12.195,11.675,11.71,5542551,NAVI,-0.021720969089390123,10.198333333333334
2016-03-15,11.75,11.75,11.11,11.54,5592615,NAVI,-0.014517506404782382,10.272666666666668
2016-03-16,11.44,11.92,11.44,11.68,3423307,NAVI,0.012131715771230553,10.37
2016-03-17,11.68,12.085,11.56,11.94,3678337,NAVI,0.02226027397260272,10.462
2016-03-18,12.06,12.4901,11.92,12.42,9364086,NAVI,0.04020100502512566,10.558
2016-03-21,12.34,12.5965,12.265,12.42,2819653,NAVI,0.0,10.655000000000001
2016-03-22,12.29,12.4974,12.12,12.37,2955488,NAVI,-0.00402576489533017,10.769333333333334
2016-03-23,12.31,12.37,11.89,11.89,2640645,NAVI,-0.038803556992724225,10.882333333333333
2016-03-24,11.82,11.99,11.65,11.96,2132138,NAVI,0.005887300252312892,10.996
2016-03-28,12.04,12.19,11.705,11.81,2278106,NAVI,-0.012541806020066918,11.109333333333332
2016-03-29,11.78,11.985,11.51,11.91,3257777,NAVI,0.008467400508044001,11.202
2016-03-30,11.93,12.17,11.73,11.97,4705301,NAVI,0.005037783375314903,11.279
2016-03-31,11.97,12.18,11.91,11.97,3852253,NAVI,0.0,11.347666666666667
2016-04-01,11.85,11.87,11.43,11.65,4524542,NAVI,-0.026733500417710967,11.398333333333333
2016-04-04,11.62,11.9,11.53,11.68,2629152,NAVI,0.002575107296137284,11.456999999999999
2016-04-05,11.59,11.69,11.405,11.44,4037339,NAVI,-0.02054794520547947,11.493
2016-04-06,11.41,11.69,11.095,11.61,2990622,NAVI,0.014860139860139855,11.538666666666668
2016-04-07,11.5,11.76,11.32,11.6,5037357,NAVI,-0.0008613264427217732,11.582333333333333
2016-04-08,11.75,12.08,11.66,11.82,3143488,NAVI,0.018965517241379366,11.621000000000002
2016-04-11,11.89,12.39,11.86,12.15,3575639,NAVI,0.02791878172588833,11.673
2016-04-12,12.23,12.48,12.15,12.42,5170243,NAVI,0.022222222222222185,11.726
2016-04-13,12.51,12.85,12.44,12.7,4035334,NAVI,0.02254428341384858,11.784666666666668
2016-04-14,12.67,12.85,12.531,12.68,2117338,NAVI,-0.0015748031496062658,11.844333333333335
2016-04-15,12.68,12.86,12.6,12.71,2251766,NAVI,0.002365930599369175,11.892333333333333
2016-04-18,12.6,12.92,12.51,12.79,2271576,NAVI,0.006294256490951872,11.938666666666668
2016-04-19,12.88,13.32,12.86,12.95,4949204,NAVI,0.012509773260359668,11.990666666666668
2016-04-20,12.74,13.3,12.4,13.25,3982992,NAVI,0.023166023166023224,12.062333333333333
2016-04-21,13.27,13.66,13.2215,13.27,3332251,NAVI,0.0015094339622641188,12.131333333333334
2016-04-22,13.29,13.795,13.29,13.68,4659746,NAVI,0.03089675960813867,12.198666666666666
2016-04-25,13.65,13.6689,13.2,13.45,2606503,NAVI,-0.016812865497076054,12.248
2016-04-26,13.54,13.7,13.44,13.66,2320590,NAVI,0.015613382899628317,12.312999999999999
2016-04-27,13.68,13.995,13.68,13.96,3459901,NAVI,0.02196193265007326,12.393666666666666
2016-04-28,13.81,13.9897,13.455,13.48,3602451,NAVI,-0.03438395415472782,12.453666666666667
2016-04-29,13.46,13.69,13.32,13.67,4678677,NAVI,0.014094955489614206,12.511333333333335
2016-05-02,13.75,13.87,13.44,13.65,2607045,NAVI,-0.0014630577907827048,12.552333333333333
2016-05-03,13.44,13.46,13.02,13.15,3711575,NAVI,-0.03663003663003663,12.576666666666664
2016-05-04,13.0,13.2201,12.85,12.96,3581567,NAVI,-0.014448669201520874,12.596333333333332
2016-05-05,13.07,13.26,12.91,13.09,3715042,NAVI,0.010030864197530787,12.636333333333333
2016-05-06,12.99,13.36,12.97,13.12,3578308,NAVI,0.002291825821237537,12.675
2016-05-09,13.05,13.29,13.0,13.17,2272854,NAVI,0.003810975609756152,12.720333333333334
2016-05-10,13.23,13.345,13.08,13.24,2283215,NAVI,0.005315110098709209,12.764666666666667
2016-05-11,13.2,13.26,12.75,12.75,5722636,NAVI,-0.03700906344410878,12.790666666666668
2016-05-12,12.86,13.03,12.41,12.49,3871652,NAVI,-0.020392156862745082,12.808
2016-05-13,12.45,12.62,12.17,12.31,2462910,NAVI,-0.01441152922337868,12.830000000000002
2016-05-16,12.4,12.63,12.35,12.5,2595460,NAVI,0.015434606011372826,12.857333333333335
2016-05-17,12.45,12.805,12.45,12.59,2275464,NAVI,0.0071999999999999885,12.895666666666667
2016-05-18,12.5,12.89,12.5,12.75,3606608,NAVI,0.012708498808578248,12.933666666666666
2016-05-19,12.64,12.83,12.345,12.42,3178728,NAVI,-0.025882352941176478,12.961000000000002
2016-05-20,12.48,12.795,12.48,12.69,3146637,NAVI,0.021739130434782573,12.99
2016-05-23,12.62,12.88,12.58,12.72,2067068,NAVI,0.0023640661938535176,13.008999999999999
2016-05-24,12.81,13.0,12.77,12.98,2358371,NAVI,0.020440251572327026,13.027666666666667
2016-05-25,13.08,13.385,13.0,13.33,1914555,NAVI,0.02696456086286592,13.048666666666666
2016-05-26,13.4,13.49,13.29,13.35,2268576,NAVI,0.0015003750937734113,13.071
2016-05-27,13.34,13.6,13.28,13.48,2356340,NAVI,0.009737827715355864,13.096666666666668
2016-05-31,13.51,13.82,13.49,13.71,5073969,NAVI,0.017062314540059378,13.127333333333333
2016-06-01,13.39,13.65,13.23,13.59,3281317,NAVI,-0.008752735229759372,13.148666666666665
2016-06-02,13.55,13.66,13.35,13.63,2502845,NAVI,0.0029433406916851306,13.161333333333333
2016-06-03,13.57,13.61,13.05,13.26,2391488,NAVI,-0.0271460014673515,13.161000000000001
2016-06-06,13.28,13.66,13.25,13.58,2431768,NAVI,0.024132730015082978,13.157666666666668
2016-06-07,13.58,13.67,13.285,13.42,2175294,NAVI,-0.011782032400589112,13.156666666666668
2016-06-08,13.46,13.62,13.4,13.44,1440402,NAVI,0.0014903129657227701,13.149333333333335
2016-06-09,13.31,13.36,13.1,13.21,1800884,NAVI,-0.01711309523809514,13.124333333333334
2016-06-10,13.01,13.1,12.84,12.95,2156997,NAVI,-0.019682059046177255,13.106666666666666
2016-06-13,12.89,13.01,12.75,12.75,3002754,NAVI,-0.01544401544401539,13.075999999999999
2016-06-14,12.69,12.82,12.14,12.15,3921622,NAVI,-0.047058823529411736,13.026000000000002
2016-06-15,12.17,12.43,12.05,12.22,3411901,NAVI,0.005761316872428006,12.995000000000001
2016-06-16,12.15,12.15,11.87,12.06,2873718,NAVI,-0.013093289689034381,12.965
2016-06-17,12.08,12.2,11.98,12.12,5179879,NAVI,0.004975124378109347,12.932666666666668
2016-06-20,12.37,12.46,12.2,12.26,1747230,NAVI,0.011551155115511599,12.904
2016-06-21,12.29,12.39,12.15,12.24,2467756,NAVI,-0.0016313213703099162,12.873
2016-06-22,12.23,12.37,12.04,12.07,2002785,NAVI,-0.013888888888888883,12.834
2016-06-23,12.3,12.49,12.3,12.35,4183989,NAVI,0.023198011599005745,12.820666666666666
2016-06-24,11.69,11.98,11.49,11.67,6588952,NAVI,-0.05506072874493925,12.793333333333331
2016-06-27,11.5,11.555,11.01,11.01,2597289,NAVI,-0.05655526992287919,12.75
2016-06-28,11.22,11.48,11.22,11.42,2828748,NAVI,0.03723887375113535,12.713999999999999
2016-06-29,11.59,11.73,11.44,11.7,2752592,NAVI,0.02451838879159364,12.684333333333333
2016-06-30,11.78,11.96,11.45,11.95,2469700,NAVI,0.021367521367521368,12.657666666666668
2016-07-01,11.94,12.36,11.92,12.3,3072625,NAVI,0.029288702928870414,12.653666666666668
2016-07-05,12.17,12.3,11.59,11.79,2780514,NAVI,-0.04146341463414647,12.623666666666667
2016-07-06,11.71,11.83,11.53,11.81,2412984,NAVI,0.001696352841391124,12.593333333333334
2016-07-07,11.8,12.3,11.75,12.15,2219590,NAVI,0.02878916172734969,12.565666666666667
2016-07-08,12.35,12.73,12.24,12.69,2544745,NAVI,0.04444444444444437,12.544333333333334
2016-07-11,12.82,13.16,12.8,13.11,2471251,NAVI,0.03309692671394798,12.536333333333333
2016-07-12,13.3,13.85,13.245,13.64,3686876,NAVI,0.04042715484363091,12.541666666666666
2016-07-13,13.73,13.73,13.42,13.62,3347568,NAVI,-0.0014662756598241458,12.538666666666666
2016-07-14,13.86,13.96,13.625,13.74,1973743,NAVI,0.008810572687224743,12.543666666666667
2016-07-15,13.81,13.91,13.69,13.86,2127353,NAVI,0.008733624454148414,12.551333333333334
2016-07-18,13.82,14.0,13.82,13.88,2226544,NAVI,0.0014430014430015404,12.572
2016-07-19,13.86,13.95,13.7,13.77,3257084,NAVI,-0.007925072046109597,12.578333333333331
2016-07-20,14.0,14.47,13.8,14.37,4707967,NAVI,0.04357298474945531,12.609999999999998
2016-07-21,14.22,14.48,14.1,14.29,3264066,NAVI,-0.005567153792623527,12.638333333333332
2016-07-22,14.32,14.43,14.23,14.4,2451522,NAVI,0.007697690692792247,12.677999999999999
2016-07-25,14.38,14.4,14.14,14.17,2822674,NAVI,-0.015972222222222252,12.718666666666667
2016-07-26,14.18,14.405,14.1,14.22,2603814,NAVI,0.0035285815102329364,12.767666666666667
2016-07-27,14.27,14.47,14.03,14.11,3611285,NAVI,-0.007735583684950858,12.832999999999998
2016-07-28,14.11,14.23,13.97,14.09,2050435,NAVI,-0.0014174344436569508,12.895333333333333
2016-07-29,14.0,14.22,13.895,14.2,3095884,NAVI,0.007806955287437859,12.966666666666667
2016-08-01,14.17,14.26,13.975,13.99,1662526,NAVI,-0.014788732394366132,13.029
2016-08-02,13.98,14.11,13.52,13.54,3129235,NAVI,-0.03216583273766984,13.071666666666665
2016-08-03,13.54,13.84,13.53,13.83,3171850,NAVI,0.02141802067946831,13.124666666666666
2016-08-04,13.8,14.31,13.8,14.24,3160416,NAVI,0.029645697758496032,13.197000000000001
2016-08-05,14.37,14.59,14.34,14.53,3775468,NAVI,0.02036516853932578,13.269666666666666
2016-08-08,14.57,14.65,14.3,14.36,2848218,NAVI,-0.011699931176875426,13.359333333333334
2016-08-09,14.39,14.5,14.19,14.21,2324261,NAVI,-0.010445682451253383,13.466
2016-08-10,14.21,14.22,13.55,13.61,3735080,NAVI,-0.042223786066150695,13.539
2016-08-11,13.7,13.818,13.59,13.64,2456235,NAVI,0.0022042615723733387,13.603666666666667
2016-08-12,13.61,13.62,13.32,13.49,2496545,NAVI,-0.010997067448680377,13.655
2016-08-15,13.57,13.84,13.49,13.82,1824649,NAVI,0.024462564862861382,13.705666666666668
2016-08-16,13.72,13.96,13.572,13.91,2510052,NAVI,0.006512301013024592,13.776333333333334
2016-08-17,13.98,14.62,13.89,14.54,5110888,NAVI,0.04529115744069008,13.867333333333333
2016-08-18,14.57,14.655,14.41,14.56,2712886,NAVI,0.0013755158184320048,13.947666666666667
2016-08-19,14.47,14.52,14.14,14.15,1999023,NAVI,-0.028159340659340667,13.996333333333332
2016-08-22,14.12,14.38,14.03,14.37,1861075,NAVI,0.015547703180211933,14.038333333333334
2016-08-23,14.46,14.61,14.46,14.51,1669191,NAVI,0.009742519137091203,14.067333333333332
2016-08-24,14.49,14.67,14.31,14.35,2138726,NAVI,-0.011026878015161968,14.091666666666667
2016-08-25,14.36,14.42,14.25,14.35,1859472,NAVI,0.0,14.112
2016-08-26,14.42,14.59,14.13,14.25,1699207,NAVI,-0.006968641114982554,14.125
2016-08-29,14.23,14.39,14.17,14.17,2325821,NAVI,-0.005614035087719303,14.134666666666668
2016-08-30,14.17,14.46,14.17,14.41,2325313,NAVI,0.01693719124911787,14.156
2016-08-31,14.25,14.52,14.11,14.38,5094399,NAVI,-0.00208188757807074,14.156333333333333
2016-09-01,14.44,14.54,14.14,14.38,2025831,NAVI,0.0,14.159333333333333
2016-09-02,14.45,14.53,14.14,14.48,1661593,NAVI,0.006954102920723202,14.162
2016-09-06,14.49,14.64,14.22,14.38,2164849,NAVI,-0.006906077348066274,14.169
2016-09-07,14.34,14.74,14.28,14.7,2755573,NAVI,0.02225312934631422,14.184999999999999
2016-09-08,14.72,14.82,14.66,14.68,2310387,NAVI,-0.001360544217687046,14.204
2016-09-09,14.61,14.7,14.23,14.23,2212238,NAVI,-0.030653950953678427,14.208666666666666
2016-09-12,14.09,14.52,13.93,14.4,3810539,NAVI,0.011946591707659868,14.215333333333332
2016-09-13,14.19,14.24,13.66,13.8,3412299,NAVI,-0.041666666666666644,14.209
2016-09-14,13.78,13.87,13.42,13.56,3855704,NAVI,-0.0173913043478261,14.209666666666667
2016-09-15,13.56,13.97,13.49,13.83,2727145,NAVI,0.01991150442477873,14.209666666666665
2016-09-16,13.66,13.76,13.46,13.58,5876480,NAVI,-0.018076644974692697,14.187666666666667
2016-09-19,13.73,13.98,13.63,13.77,3272534,NAVI,0.01399116347569952,14.162333333333333
2016-09-20,13.88,13.97,13.78,13.79,2158606,NAVI,0.0014524328249818136,14.143333333333334
2016-09-21,13.86,13.9,13.14,13.28,6325767,NAVI,-0.036983321247280626,14.112333333333334
2016-09-22,13.37,13.79,13.31,13.72,3868438,NAVI,0.03313253012048203,14.116000000000001
2016-09-23,13.7,14.01,13.68,13.88,3407947,NAVI,0.011661807580174937,14.124
2016-09-26,13.88,13.9,13.73,13.88,2431891,NAVI,0.0,14.137
2016-09-27,13.94,14.56,13.9016,14.49,4190848,NAVI,0.0439481268011527,14.159333333333334
2016-09-28,14.52,14.635,14.29,14.56,2323470,NAVI,0.004830917874396155,14.181000000000001
2016-09-29,14.55,14.66,14.16,14.31,3676052,NAVI,-0.01717032967032967,14.173333333333336
2016-09-30,14.41,14.68,14.12,14.47,3148317,NAVI,0.011180992313067795,14.170333333333334
2016-10-03,14.37,14.49,14.22,14.33,3433945,NAVI,-0.00967519004837599,14.176333333333332
2016-10-04,14.35,14.7,14.31,14.64,2983655,NAVI,0.02163293789253318,14.185333333333334
2016-10-05,14.73,14.92,14.64,14.78,3584692,NAVI,0.009562841530054562,14.194333333333333
2016-10-06,14.75,14.825,14.555,14.71,2396336,NAVI,-0.004736129905277301,14.206333333333335
2016-10-07,14.72,14.755,14.54,14.56,2299549,NAVI,-0.010197144799456177,14.213333333333333
2016-10-10,14.69,14.79,14.33,14.37,3804030,NAVI,-0.013049450549450637,14.217333333333332
2016-10-11,14.33,14.44,14.03,14.11,3863524,NAVI,-0.01809324982602643,14.215333333333332
2016-10-12,14.13,14.26,14.0925,14.11,2550512,NAVI,0.0,14.205333333333334
2016-10-13,13.97,14.02,13.78,13.9,2496345,NAVI,-0.014883061658398235,14.189333333333334
2016-10-14,14.04,14.16,13.83,13.91,2940383,NAVI,0.0007194244604316393,14.173666666666668
2016-10-17,13.87,13.97,13.53,13.565,4251376,NAVI,-0.02480230050323513,14.143166666666668
2016-10-18,13.74,13.9394,13.4,13.61,3688266,NAVI,0.003317360855141904,14.117500000000001
2016-10-19,14.0,14.23,13.27,13.45,6421448,NAVI,-0.011756061719324038,14.075833333333334
2016-10-20,13.35,13.63,13.14,13.21,3806382,NAVI,-0.017843866171003604,14.026833333333334
2016-10-21,13.15,13.27,13.02,13.03,3928586,NAVI,-0.013626040878122747,13.986833333333333
2016-10-24,13.1,13.34,13.1,13.19,2562102,NAVI,0.012279355333844985,13.946500000000002
2016-10-25,13.11,13.275,13.01,13.15,2393521,NAVI,-0.0030326004548900036,13.924833333333334
2016-10-26,13.08,13.25,13.01,13.14,2320599,NAVI,-0.0007604562737642424,13.910833333333333
2016-10-27,13.19,13.205,12.83,12.83,2780406,NAVI,-0.02359208523592089,13.877500000000001
2016-10-28,12.87,13.15,12.83,12.9,2686725,NAVI,0.005455962587685135,13.854833333333334
2016-10-31,12.92,13.02,12.66,12.78,3588833,NAVI,-0.009302325581395425,13.821833333333334
2016-11-01,12.87,13.07,12.77,13.03,4470210,NAVI,0.019561815336463225,13.7965
2016-11-02,13.03,13.33,12.94,13.27,4796953,NAVI,0.018419033000767478,13.796166666666666
2016-11-03,13.28,13.56,13.15,13.23,3617206,NAVI,-0.003014318010550049,13.779833333333332
2016-11-04,13.28,13.64,13.19,13.32,3326085,NAVI,0.0068027210884353635,13.761166666666666
2016-11-07,13.63,13.79,13.47,13.56,3548791,NAVI,0.018018018018018035,13.750499999999999
2016-11-08,13.39,13.685,13.32,13.46,3194291,NAVI,-0.007374631268436552,13.716166666666664
2016-11-09,14.745,16.23,14.54,15.77,12704626,NAVI,0.17161961367013362,13.756499999999999
2016-11-10,16.02,16.9,16.01,16.84,8050258,NAVI,0.06785034876347497,13.840833333333332
2016-11-11,16.76,17.08,16.6,17.05,5018156,NAVI,0.012470308788598625,13.926833333333333
2016-11-14,17.13,17.62,17.1,17.59,5609703,NAVI,0.03167155425219936,14.035500000000003
2016-11-15,17.35,17.48,16.71,17.42,5022592,NAVI,-0.00966458214894816,14.128166666666665
2016-11-16,17.26,17.77,17.01,17.69,3041723,NAVI,0.015499425947187116,14.225166666666667
2016-11-17,17.73,17.78,17.52,17.69,3668427,NAVI,0.0,14.324499999999999
2016-11-18,17.74,17.75,17.55,17.62,2914906,NAVI,-0.003957037874505386,14.426499999999999
2016-11-21,17.74,17.86,17.6,17.72,2553045,NAVI,0.005675368898978312,14.538166666666667
2016-11-22,17.81,17.95,17.3997,17.44,4354474,NAVI,-0.015801354401805735,14.649166666666668
2016-11-23,17.52,17.91,17.4462,17.85,2853858,NAVI,0.02350917431192661,14.773833333333334
2016-11-25,17.86,17.88,17.46,17.65,1125079,NAVI,-0.011204481792717245,14.898833333333334
2016-11-28,17.56,17.71,17.235,17.49,2307344,NAVI,-0.009065155807365447,15.018166666666668
2016-11-29,17.51,17.73,17.17,17.19,2882134,NAVI,-0.017152658662092462,15.139000000000001
2016-11-30,17.27,17.43,17.105,17.23,3971186,NAVI,0.002326934264106989,15.259666666666666
2016-12-01,17.35,17.54,16.8603,16.93,3817179,NAVI,-0.017411491584445774,15.375666666666666
2016-12-02,16.93,17.08,16.61,16.66,2505067,NAVI,-0.015948021264028327,15.490666666666668
2016-12-05,16.85,17.05,16.69,17.0,2593252,NAVI,0.020408163265306114,15.623
2016-12-06,16.97,17.16,16.67,17.03,3161538,NAVI,0.001764705882353008,15.751
2016-12-07,17.01,17.48,16.86,17.28,3364494,NAVI,0.01467997651203758,15.888666666666667
2016-12-08,17.1,17.32,16.625,17.09,3950439,NAVI,-0.010995370370370443,16.020333333333333
2016-12-09,17.2,17.43,16.99,17.31,2843038,NAVI,0.012873025160912748,16.169666666666664
2016-12-12,17.31,17.31,16.524,16.7,3090449,NAVI,-0.035239745811669526,16.296333333333333
2016-12-13,16.85,16.94,16.3125,16.36,2954276,NAVI,-0.020359281437125742,16.415666666666667
2016-12-14,16.32,16.76,16.12,16.37,3237775,NAVI,0.0006112469437653768,16.527
2016-12-15,16.42,16.975,16.28,16.8,3628238,NAVI,0.026267562614538772,16.64466666666667
2016-12-16,16.74,16.89,16.25,16.37,10807455,NAVI,-0.025595238095238077,16.749333333333333
2016-12-19,16.44,16.74,16.44,16.69,2765213,NAVI,0.019547953573610277,16.861666666666668
2016-12-20,16.76,16.8,16.55,16.73,2636000,NAVI,0.002396644697423556,16.967333333333336
2016-12-21,16.75,16.82,16.62,16.69,1293742,NAVI,-0.0023909145248056872,17.075
2016-12-22,16.68,16.72,16.43,16.63,6470097,NAVI,-0.0035949670461355465,17.103666666666665
2016-12-23,16.58,16.71,16.48,16.66,990467,NAVI,0.0018039687312087274,17.09766666666667
2016-12-27,16.67,16.8,16.54,16.68,1050134,NAVI,0.001200480192076805,17.085333333333335
2016-12-28,16.69,16.69,16.34,16.45,1397026,NAVI,-0.013788968824940073,17.04733333333333
2016-12-29,16.44,16.68,16.275,16.38,1010932,NAVI,-0.004255319148936188,17.012666666666668
2016-12-30,16.41,16.54,16.25,16.43,1552954,NAVI,0.003052503052503096,16.970666666666666
2017-01-03,16.64,16.9,16.36,16.62,2919904,NAVI,0.011564211807668976,16.935
2017-01-04,16.33,16.84,16.33,16.83,2787088,NAVI,0.012635379061371677,16.908666666666665
2017-01-05,16.8,16.95,16.44,16.52,1972358,NAVI,-0.018419489007724228,16.868666666666666
2017-01-06,16.68,16.945,16.56,16.81,2240235,NAVI,0.017554479418886146,16.847666666666665
2017-01-09,16.75,16.785,16.42,16.5,1894192,NAVI,-0.01844140392623431,16.802666666666667
2017-01-10,16.61,16.92,16.5,16.82,2685363,NAVI,0.01939393939393941,16.775
2017-01-11,16.8,16.86,16.63,16.85,2505918,NAVI,0.0017835909631391876,16.753666666666668
2017-01-12,16.77,16.81,16.29,16.55,2154039,NAVI,-0.017804154302670665,16.732333333333333
2017-01-13,16.64,17.05,16.56,16.85,2185556,NAVI,0.018126888217522702,16.71966666666667
2017-01-17,16.58,16.605,15.675,15.77,3640574,NAVI,-0.06409495548961434,16.681
2017-01-18,15.78,16.07,15.06,16.05,6852830,NAVI,0.01775523145212436,16.660666666666668
2017-01-19,15.76,15.92,15.56,15.86,2760958,NAVI,-0.011838006230529673,16.622666666666667
2017-01-20,15.94,16.26,15.77,15.96,3225040,NAVI,0.006305170239596559,16.587
2017-01-23,15.93,16.16,15.7,15.91,1945434,NAVI,-0.0031328320802005457,16.541333333333334
2017-01-24,16.0,16.29,15.85,16.21,2843384,NAVI,0.01885606536769332,16.512
2017-01-25,15.19,15.785,15.11,15.72,4151560,NAVI,-0.03022825416409625,16.459
2017-01-26,15.5,15.5,15.2,15.29,2985732,NAVI,-0.02735368956743012,16.412
2017-01-27,15.25,15.32,15.12,15.21,2174975,NAVI,-0.005232177894048286,16.37366666666667
2017-01-30,15.04,15.13,14.76,15.11,2015990,NAVI,-0.006574621959237437,16.331666666666667
2017-01-31,15.07,15.28,14.76,15.04,3265109,NAVI,-0.004632693580410343,16.273
2017-02-01,15.17,15.39,14.94,15.0,3864146,NAVI,-0.00265957446808505,16.227333333333334
2017-02-02,14.94,15.24,14.9,15.11,2629687,NAVI,0.007333333333333295,16.174666666666667
2017-02-03,15.22,15.505,15.13,15.49,2813693,NAVI,0.02514890800794181,16.133333333333333
2017-02-06,15.39,15.61,15.29,15.48,1964816,NAVI,-0.0006455777921239371,16.093
2017-02-07,15.48,15.55,15.21,15.33,1869596,NAVI,-0.009689922480620177,16.049666666666667
2017-02-08,15.26,15.35,15.08,15.29,1688086,NAVI,-0.002609262883235546,16.004
2017-02-09,15.38,15.51,15.24,15.39,2593698,NAVI,0.0065402223675605905,15.961
2017-02-10,15.47,15.66,15.39,15.58,1474551,NAVI,0.012345679012345647,15.932
2017-02-13,15.67,15.84,15.57,15.66,1830247,NAVI,0.005134788189987168,15.908
2017-02-14,15.53,15.86,15.52,15.79,1740174,NAVI,0.008301404853128927,15.886666666666667
2017-02-15,15.71,15.8439,15.535,15.69,2188406,NAVI,-0.0063331222292590025,15.855666666666668
2017-02-16,15.66,15.76,15.44,15.49,1780703,NAVI,-0.012746972594008877,15.811000000000002
2017-02-17,15.43,15.5,15.02,15.45,1852792,NAVI,-0.0025823111684958634,15.775333333333332
2017-02-21,15.45,15.76,15.4,15.46,2068295,NAVI,0.0006472491909386125,15.730333333333332
2017-02-22,15.37,15.6,15.32,15.51,1577978,NAVI,0.0032341526520051054,15.697333333333335
2017-02-23,15.54,15.7,15.27,15.47,1439472,NAVI,-0.0025789813023855026,15.652333333333333
2017-02-24,15.25,15.505,15.12,15.38,1554738,NAVI,-0.005817711700064632,15.603333333333333
2017-02-27,15.38,15.62,15.35,15.57,1326784,NAVI,0.012353706111833517,15.570666666666666
2017-02-28,15.55,15.57,15.18,15.41,3356923,NAVI,-0.010276172125883118,15.522666666666668
2017-03-01,15.44,15.82,15.22,15.34,2611281,NAVI,-0.004542504866969519,15.508333333333333
2017-03-02,15.3,15.3529,14.93,14.93,2710515,NAVI,-0.026727509778357247,15.471
2017-03-03,15.02,15.1,14.75,14.905,3047290,NAVI,-0.0016744809109176394,15.439166666666667
2017-03-06,14.72,14.85,14.36,14.6,2595402,NAVI,-0.020462931902046275,15.393833333333333
2017-03-07,14.64,14.83,14.51,14.54,2810865,NAVI,-0.004109589041095925,15.348166666666666
2017-03-08,14.56,14.795,14.43,14.51,2693421,NAVI,-0.002063273727647824,15.291500000000001
2017-03-09,14.55,14.695,14.36,14.46,2071331,NAVI,-0.0034458993797380384,15.2495
2017-03-10,14.53,14.66,14.355,14.52,1870181,NAVI,0.004149377593360907,15.223833333333335
2017-03-13,14.55,14.61,14.44,14.51,1511270,NAVI,-0.000688705234159765,15.2005
2017-03-14,14.4,14.5,14.14,14.46,1891064,NAVI,-0.0034458993797380384,15.178833333333333
2017-03-15,14.52,14.75,14.49,14.66,1742131,NAVI,0.013831258644536604,15.166166666666667
2017-03-16,14.78,14.84,14.52,14.64,3089738,NAVI,-0.001364256480218252,15.154166666666667
2017-03-17,14.69,15.02,14.615,14.99,6747233,NAVI,0.023907103825136587,15.150166666666667
2017-03-20,14.93,14.99,14.67,14.71,2185037,NAVI,-0.018679119412941918,15.124166666666666
2017-03-21,14.78,14.78,14.05,14.06,2911922,NAVI,-0.044187627464310014,15.076833333333333
2017-03-22,13.98,14.06,13.77,13.92,3718998,NAVI,-0.00995732574679947,15.029833333333332
2017-03-23,13.96,14.195,13.87,14.03,2867102,NAVI,0.007902298850574672,14.987833333333333
2017-03-24,14.02,14.11,13.87,13.99,1768150,NAVI,-0.0028510334996435602,14.941166666666668
2017-03-27,13.79,14.02,13.67,14.0,2008801,NAVI,0.0007147962830593128,14.888499999999999
2017-03-28,13.96,14.62,13.75,14.5,2181553,NAVI,0.03571428571428571,14.849833333333333
2017-03-29,14.49,14.655,14.4,14.52,1524064,NAVI,0.0013793103448275568,14.807500000000001
2017-03-30,14.53,14.93,14.38,14.87,1527840,NAVI,0.024104683195592263,14.780166666666666
2017-03-31,14.82,14.92,14.73,14.76,1961380,NAVI,-0.007397444519166068,14.755833333333333
2017-04-03,14.83,14.92,14.54,14.75,2609724,NAVI,-0.0006775067750677363,14.7325
2017-04-04,14.67,14.825,14.54,14.73,2203684,NAVI,-0.0013559322033898015,14.708166666666667
2017-04-05,14.85,14.97,14.41,14.43,2970491,NAVI,-0.020366598778004123,14.672166666666666
2017-04-06,14.44,14.72,14.36,14.62,2256420,NAVI,0.013167013167013132,14.643833333333333
2017-04-07,14.56,14.79,14.46,14.68,1934475,NAVI,0.0041039671682626885,14.6205
2017-04-10,14.73,14.89,14.585,14.63,1925223,NAVI,-0.003405994550408647,14.589166666666667
2017-04-11,14.52,14.9,14.46,14.89,1593783,NAVI,0.017771701982228282,14.571833333333332
2017-04-12,14.88,14.925,14.575,14.67,2401227,NAVI,-0.014775016789791848,14.5495
2017-04-13,14.6,14.95,14.6,14.68,2313212,NAVI,0.0006816632583503604,14.541166666666667
2017-04-17,14.71,14.96,14.61,14.93,1637159,NAVI,0.0170299727520436,14.542
2017-04-18,14.81,15.12,14.78,15.05,3190483,NAVI,0.008037508372404622,14.557
2017-04-19,15.1,15.19,14.15,15.11,4949255,NAVI,0.003986710963455064,14.575999999999999
2017-04-20,15.13,16.13,15.09,16.01,4143710,NAVI,0.05956320317670431,14.626
2017-04-21,16.0,16.39,15.77,15.78,4301615,NAVI,-0.014366021236727181,14.67
2017-04-24,16.16,16.24,15.76,15.76,3788630,NAVI,-0.001267427122940404,14.711333333333332
2017-04-25,15.88,15.98,15.8,15.87,2038376,NAVI,0.006979695431472045,14.756666666666666
2017-04-26,15.92,16.05,15.73,15.86,1809390,NAVI,-0.0006301197227473086,14.803333333333335
2017-04-27,15.86,15.96,15.53,15.54,2348027,NAVI,-0.02017654476670872,14.832666666666665
2017-04-28,15.51,15.51,15.115,15.2,2792695,NAVI,-0.02187902187902187,14.851333333333335
2017-05-01,15.23,15.48,15.205,15.45,3756422,NAVI,0.01644736842105263,14.866666666666667
2017-05-02,15.46,15.51,15.27,15.41,2536016,NAVI,-0.0025889967637539903,14.889999999999999
2017-05-03,15.34,15.5,15.29,15.45,1912183,NAVI,0.0025957170668396592,14.936333333333334
2017-05-04,15.5,15.67,15.115,15.16,1848106,NAVI,-0.018770226537216776,14.977666666666666
2017-05-05,15.18,15.285,14.97,14.98,1833508,NAVI,-0.011873350923482831,15.009333333333334
2017-05-08,15.02,15.09,14.68,14.74,1915219,NAVI,-0.016021361815754354,15.034333333333334
2017-05-09,14.74,14.83,14.52,14.6,2608720,NAVI,-0.009497964721845357,15.054333333333334
2017-05-10,14.52,14.595,14.2,14.47,2887942,NAVI,-0.008904109589041028,15.053333333333335
2017-05-11,14.4,14.47,14.16,14.35,2736956,NAVI,-0.008293020041465168,15.047666666666665
2017-05-12,14.3,14.32,13.96,14.0,1889499,NAVI,-0.024390243902439,15.018666666666666
2017-05-15,14.01,14.4,14.0,14.4,2840234,NAVI,0.0285714285714286,15.006666666666666
2017-05-16,14.4,14.5,14.31,14.42,2353627,NAVI,0.0013888888888888592,14.995666666666665
2017-05-17,14.12,14.19,13.61,13.64,2528343,NAVI,-0.05409153952843269,14.959333333333335
2017-05-18,13.62,13.82,13.36,13.71,2467450,NAVI,0.005131964809384185,14.935333333333334
2017-05-19,13.73,14.14,13.655,13.94,1913526,NAVI,0.01677607585703856,14.912666666666667
2017-05-22,14.06,14.13,13.92,14.07,1688085,NAVI,0.009325681492109095,14.892333333333333
2017-05-23,14.05,14.34,13.97,14.24,3004134,NAVI,0.012082444918265808,14.879333333333333
2017-05-24,14.29,14.42,14.18,14.41,2456718,NAVI,0.011938202247191006,14.863333333333335
2017-05-25,14.4,14.6,14.31,14.39,2464977,NAVI,-0.00138792505204716,14.854000000000001
2017-05-26,14.33,14.555,14.27,14.48,1803581,NAVI,0.006254343293954125,14.847333333333333
2017-05-30,14.38,14.77,14.34,14.68,3536500,NAVI,0.013812154696132548,14.838999999999999
2017-05-31,14.6,14.6,14.06,14.43,5220273,NAVI,-0.0170299727520436,14.818333333333332
2017-06-01,14.48,14.645,14.3,14.63,2537917,NAVI,0.013860013860013934,14.802333333333333
2017-06-02,14.61,14.62,14.2,14.22,3431589,NAVI,-0.0280246069719754,14.742666666666667
2017-06-05,14.21,14.39,14.09,14.27,2003106,NAVI,0.0035161744022502764,14.692333333333332
2017-06-06,14.14,14.455,14.02,14.43,2092451,NAVI,0.011212333566923626,14.648
2017-06-07,14.52,14.7,14.46,14.63,2704382,NAVI,0.013860013860013934,14.606666666666666
2017-06-08,14.6,15.06,14.52,14.91,3129469,NAVI,0.019138755980861198,14.575
2017-06-09,14.96,15.39,14.96,15.26,2689884,NAVI,0.023474178403755843,14.565666666666667
2017-06-12,15.23,15.67,15.21,15.48,3164130,NAVI,0.014416775884665835,14.575
2017-06-13,15.5,15.65,15.33,15.57,2689488,NAVI,0.005813953488372083,14.579
2017-06-14,15.48,15.695,15.26,15.65,1921556,NAVI,0.005138086062941559,14.587
2017-06-15,15.54,15.97,15.54,15.85,1989308,NAVI,0.012779552715654906,14.600333333333333
2017-06-16,15.57,15.86,15.43,15.525,7499649,NAVI,-0.020504731861198694,14.6125
2017-06-19,15.62,16.525,15.405,16.43,4101271,NAVI,0.05829307568437999,14.660833333333333
2017-06-20,16.39,16.57,16.27,16.44,3096410,NAVI,0.0006086427267195109,14.7175
2017-06-21,16.4,16.43,15.78,15.98,3294706,NAVI,-0.027980535279805402,14.7635
2017-06-22,15.97,16.02,15.72,15.87,2330617,NAVI,-0.006883604505632116,14.810166666666667
2017-06-23,15.95,16.165,15.82,15.96,3278486,NAVI,0.0056710775047260015,14.863833333333334
2017-06-26,16.05,16.43,15.99,16.29,1930354,NAVI,0.0206766917293232,14.940166666666668
2017-06-27,16.33,16.56,16.3,16.49,2000069,NAVI,0.012277470841006709,15.009833333333335
2017-06-28,16.59,16.71,16.41,16.65,2583497,NAVI,0.009702850212249857,15.084166666666668
2017-06-29,16.75,16.97,16.46,16.64,1967763,NAVI,-0.0006006006006004812,15.184166666666666
2017-06-30,16.72,16.8,16.59,16.65,2313677,NAVI,0.0006009615384614189,15.282166666666667
2017-07-03,16.8,16.93,16.65,16.81,1557748,NAVI,0.00960960960960962,15.377833333333335
2017-07-05,16.82,16.89,16.46,16.68,3164605,NAVI,-0.007733491969065974,15.464833333333333
2017-07-06,16.62,16.7,16.035,16.05,4329252,NAVI,-0.03776978417266181,15.525166666666667
2017-07-07,16.13,16.25,15.95,16.18,2868555,NAVI,0.008099688473520187,15.584166666666667
2017-07-10,16.19,16.53,16.05,16.39,2297732,NAVI,0.012978986402966679,15.650833333333333
2017-07-11,16.35,16.4,16.16,16.32,1293392,NAVI,-0.00427089688834657,15.712166666666665
2017-07-12,16.34,16.665,16.29,16.57,1365244,NAVI,0.015318627450980392,15.775166666666669
2017-07-13,16.6,16.72,16.29,16.63,1836068,NAVI,0.003621001810500828,15.848500000000001
2017-07-14,16.5,16.685,16.37,16.57,1199666,NAVI,-0.0036079374624172415,15.913166666666667
2017-07-17,16.52,16.68,16.4,16.49,1882670,NAVI,-0.004828002414001318,15.988833333333334
2017-07-18,16.43,16.48,16.242,16.4,2104417,NAVI,-0.005457853244390532,16.059833333333334
2017-07-19,16.92,16.92,15.27,15.29,4403694,NAVI,-0.06768292682926827,16.0885
2017-07-20,15.2,15.29,14.89,14.93,3467698,NAVI,-0.023544800523217755,16.098499999999998
2017-07-21,14.94,15.09,14.8,14.95,2394169,NAVI,0.001339584728734064,16.099833333333333
2017-07-24,14.9,15.07,14.82,14.86,1815929,NAVI,-0.006020066889632098,16.086499999999997
2017-07-25,14.96,15.235,14.84,15.0,2814894,NAVI,0.009421265141319015,16.0705
2017-07-26,14.95,14.99,14.61,14.65,2018285,NAVI,-0.02333333333333331,16.039833333333334
2017-07-27,14.63,14.73,14.46,14.59,1549952,NAVI,-0.0040955631399317745,16.0045
2017-07-28,14.59,14.735,14.56,14.68,1227775,NAVI,0.006168608636052081,15.965499999999999
2017-07-31,14.73,14.955,14.69,14.75,1641807,NAVI,0.004768392370572226,15.939666666666666
2017-08-01,14.75,14.95,14.7,14.85,1919376,NAVI,0.006779661016949128,15.887
2017-08-02,14.79,14.88,14.32,14.32,2661391,NAVI,-0.03569023569023565,15.816333333333334
2017-08-03,14.31,14.59,14.195,14.22,1958582,NAVI,-0.0069832402234636624,15.757666666666665
2017-08-04,14.29,14.4,14.09,14.27,3011441,NAVI,0.0035161744022502764,15.704333333333333
2017-08-07,14.295,14.68,14.295,14.55,1404896,NAVI,0.019621583742116408,15.657333333333332
2017-08-08,14.5,14.665,14.365,14.48,1452619,NAVI,-0.0048109965635739025,15.597
2017-08-09,14.34,14.41,14.08,14.15,1689518,NAVI,-0.02279005524861879,15.519
2017-08-10,14.04,14.15,13.69,13.7,1797912,NAVI,-0.03180212014134283,15.420666666666667
2017-08-11,13.77,13.91,13.56,13.68,1485345,NAVI,-0.001459854014598509,15.322000000000001
2017-08-14,13.78,14.1,13.78,13.93,1458982,NAVI,0.01827485380116959,15.231333333333332
2017-08-15,13.98,14.06,13.79,13.81,1288606,NAVI,-0.008614501076812579,15.131333333333334
2017-08-16,13.9,14.15,13.88,14.0,1668555,NAVI,0.01375814627081821,15.042
2017-08-17,13.93,14.05,13.635,13.64,1380710,NAVI,-0.025714285714285672,14.961666666666668
2017-08-18,13.6,13.71,13.54,13.6,1601157,NAVI,-0.0029325513196481615,14.875666666666666
2017-08-21,13.57,13.64,13.36,13.51,1411362,NAVI,-0.006617647058823519,14.779666666666666
2017-08-22,13.57,13.7,13.51,13.66,1291576,NAVI,0.011102886750555171,14.691
2017-08-23,13.54,13.81,13.44,13.63,1154134,NAVI,-0.002196193265007274,14.592999999999998
2017-08-24,13.69,13.74,13.6,13.62,1000600,NAVI,-0.0007336757153339371,14.492666666666667
2017-08-25,13.67,13.79,13.63,13.63,1078369,NAVI,0.0007342143906021706,14.394666666666666
2017-08-28,13.67,13.72,13.51,13.6,1127756,NAVI,-0.0022010271460015506,14.298333333333334
2017-08-29,13.38,13.64,13.38,13.52,1563277,NAVI,-0.005882352941176476,14.202333333333334
2017-08-30,13.38,13.455,13.25,13.28,2187136,NAVI,-0.017751479289940846,14.135333333333332
2017-08-31,13.39,13.39,13.17,13.2,3318181,NAVI,-0.006024096385542174,14.077666666666667
2017-09-01,13.25,13.8,13.25,13.75,3378894,NAVI,0.04166666666666672,14.037666666666667
2017-09-05,13.86,13.96,13.62,13.84,2920506,NAVI,0.006545454545454535,14.003666666666668
2017-09-06,13.91,14.205,13.76,13.8,3065986,NAVI,-0.0028901734104045626,13.963666666666667
2017-09-07,13.78,13.8,13.09,13.14,3294574,NAVI,-0.04782608695652175,13.913333333333332
2017-09-08,13.36,13.91,13.27,13.51,4252763,NAVI,0.028158295281582892,13.877333333333333
2017-09-11,13.61,14.21,13.61,14.13,3198552,NAVI,0.04589193190229467,13.859
2017-09-12,14.14,14.57,14.04,14.42,2488113,NAVI,0.020523708421797533,13.848
2017-09-13,14.41,14.58,14.36,14.44,2254323,NAVI,0.0013869625520110662,13.834333333333332
2017-09-14,14.22,14.3514,13.76,13.78,3936829,NAVI,-0.04570637119113575,13.816333333333334
2017-09-15,13.75,13.94,13.55,13.94,7229747,NAVI,0.011611030478955018,13.807
2017-09-18,14.03,14.16,13.84,13.96,3333387,NAVI,0.0014347202295553337,13.796666666666665
2017-09-19,13.95,14.12,13.87,14.07,1803990,NAVI,0.007879656160458411,13.780666666666667
2017-09-20,14.05,14.15,13.8,14.06,2275454,NAVI,-0.0007107320540156209,13.766666666666667
2017-09-21,14.08,14.13,13.76,14.03,2657984,NAVI,-0.0021337126600285304,13.762666666666666
2017-09-22,14.02,14.8,14.0,14.78,2810096,NAVI,0.05345687811831789,13.798666666666666
2017-09-25,14.78,14.97,14.64,14.82,2041400,NAVI,0.0027063599458728637,13.836666666666666
2017-09-26,14.86,15.22,14.7,15.18,2797273,NAVI,0.024291497975708464,13.878333333333332
2017-09-27,15.25,15.605,15.09,15.53,2746053,NAVI,0.023056653491436076,13.935666666666668
2017-09-28,15.56,15.61,14.885,14.92,3877363,NAVI,-0.03927881519639404,13.966333333333333
2017-09-29,14.95,15.22,14.89,15.02,2675473,NAVI,0.006702412868632684,14.012333333333334
2017-10-02,15.01,15.02,14.69,14.9,4943918,NAVI,-0.007989347536617791,14.055666666666667
2017-10-03,14.97,15.1,14.91,14.96,1694893,NAVI,0.004026845637583926,14.104000000000001
2017-10-04,14.96,14.97,14.65,14.7,2076829,NAVI,-0.01737967914438513,14.138666666666667
2017-10-05,13.86,13.94,12.5537,12.605,15151923,NAVI,-0.14251700680272103,14.1045
2017-10-06,12.61,12.78,12.5101,12.6,5211023,NAVI,-0.00039666798889335833,14.070500000000001
2017-10-09,12.71,12.71,12.09,12.22,4379532,NAVI,-0.03015873015873008,14.0235
2017-10-10,12.28,12.53,12.24,12.47,4037632,NAVI,0.0204582651391162,13.985833333333334
2017-10-11,12.43,12.47,11.71,11.79,6283980,NAVI,-0.05453087409783492,13.928166666666668
2017-10-12,11.76,11.98,11.67,11.8,6118670,NAVI,0.0008481764206956374,13.878833333333334
2017-10-13,11.77,11.88,11.481,11.62,3939337,NAVI,-0.015254237288135719,13.826166666666666
2017-10-16,11.58,11.76,11.51,11.73,3977978,NAVI,0.009466437177280655,13.758833333333333
2017-10-17,11.96,12.285,11.71,12.2,8466419,NAVI,0.04006820119352079,13.704166666666667
2017-10-18,12.38,12.45,11.93,11.98,5183932,NAVI,-0.01803278688524581,13.6435
2017-10-19,11.93,12.4,11.85,12.31,3784631,NAVI,0.027545909849749587,13.615833333333335
2017-10-20,12.46,12.51,12.25,12.36,4260154,NAVI,0.004061738424045404,13.577500000000002
2017-10-23,12.34,12.43,12.14,12.18,2741710,NAVI,-0.014563106796116483,13.5125
2017-10-24,12.25,12.25,12.06,12.1,2975829,NAVI,-0.006568144499178988,13.435166666666667
2017-10-25,12.36,12.37,11.54,11.79,6657077,NAVI,-0.025619834710743843,13.346833333333334
2017-10-26,11.84,12.18,11.8,11.95,5395771,NAVI,0.013570822731128088,13.285833333333333
2017-10-27,11.88,12.02,11.71,11.85,3526673,NAVI,-0.008368200836820055,13.216166666666664
2017-10-30,11.81,12.09,11.71,11.83,5152844,NAVI,-0.0016877637130801328,13.145166666666666
2017-10-31,11.85,12.5,11.81,12.46,5168949,NAVI,0.05325443786982255,13.0915
2017-11-01,12.46,12.665,12.06,12.1,5353907,NAVI,-0.028892455858748087,13.026166666666667
2017-11-02,12.11,12.42,11.91,12.36,6609544,NAVI,0.021487603305785107,12.970499999999998
2017-11-03,12.33,12.42,12.09,12.22,3923152,NAVI,-0.011326860841423852,12.885166666666667
2017-11-06,12.17,12.59,12.105,12.38,3132571,NAVI,0.013093289689034381,12.803833333333333
2017-11-07,12.35,12.415,12.07,12.09,2511912,NAVI,-0.023424878836833675,12.700833333333332
2017-11-08,12.11,12.35,11.88,12.05,2538014,NAVI,-0.003308519437551625,12.584833333333332
2017-11-09,11.96,12.33,11.91,12.14,2526027,NAVI,0.00746887966804978,12.492166666666668
2017-11-10,12.1,12.28,12.045,12.21,2371858,NAVI,0.0057660626029654265,12.3985
2017-11-13,12.16,12.17,11.84,12.08,2585769,NAVI,-0.01064701064701071,12.304499999999999
2017-11-14,12.01,12.43,11.865,12.35,5162761,NAVI,0.02235099337748341,12.217500000000001
2017-11-15,12.19,12.67,11.94,12.61,5210576,NAVI,0.02105263157894735,12.147833333333333
2017-11-16,12.62,12.95,12.4,12.76,4847580,NAVI,0.011895321173671718,12.153
2017-11-17,12.55,12.84,12.43,12.49,4874705,NAVI,-0.02115987460815044,12.149333333333335
2017-11-20,12.5,12.83,12.43,12.82,3530291,NAVI,0.026421136909527628,12.169333333333334
2017-11-21,12.85,12.9,12.325,12.59,3921628,NAVI,-0.01794071762870518,12.173333333333334
2017-11-22,12.62,12.73,12.39,12.45,2174615,NAVI,-0.011119936457506002,12.195333333333332
2017-11-24,12.49,12.54,12.28,12.34,1252754,NAVI,-0.008835341365461801,12.213333333333335
2017-11-27,12.35,12.35,11.95,11.98,3549889,NAVI,-0.02917341977309558,12.225333333333333
2017-11-28,11.94,12.5,11.86,12.46,3668912,NAVI,0.040066777963272154,12.249666666666666
2017-11-29,12.16,12.88,11.88,12.83,5452160,NAVI,0.029695024077046484,12.270666666666667
2017-11-30,12.69,12.83,12.36,12.61,20582374,NAVI,-0.017147310989867548,12.291666666666666
2017-12-01,12.65,13.1,12.41,13.01,5356670,NAVI,0.03172085646312454,12.315
2017-12-04,13.25,13.37,13.06,13.27,5168194,NAVI,0.019984627209838568,12.345333333333333
2017-12-05,13.3,13.42,13.03,13.13,3389881,NAVI,-0.010550113036925305,12.377
2017-12-06,13.16,13.175,12.825,12.91,2958038,NAVI,-0.016755521706016803,12.404
2017-12-07,12.88,13.02,12.67,12.73,5089044,NAVI,-0.013942680092951179,12.435333333333334
2017-12-08,12.82,12.87,12.19,12.76,5990792,NAVI,0.0023566378633149538,12.462333333333333
2017-12-11,12.83,12.94,12.6,12.76,4837535,NAVI,0.0,12.492666666666668
2017-12-12,12.8,13.21,12.77,12.96,4229062,NAVI,0.015673981191222656,12.530333333333333
2017-12-13,12.94,13.305,12.9,12.94,6669738,NAVI,-0.0015432098765433139,12.546333333333333
2017-12-14,12.91,13.14,12.58,12.62,5138310,NAVI,-0.024729520865533254,12.563666666666666
2017-12-15,12.64,13.27,12.56,13.2,12664132,NAVI,0.045958795562599054,12.591666666666667
2017-12-18,13.34,13.53,13.21,13.27,4178957,NAVI,0.005303030303030325,12.626666666666667
2017-12-19,13.31,13.38,13.13,13.13,3371079,NAVI,-0.010550113036925305,12.651666666666667
2017-12-20,13.2,13.22,13.0,13.09,2911615,NAVI,-0.003046458492003117,12.685
2017-12-21,13.16,13.285,13.07,13.12,2370435,NAVI,0.002291825821237537,12.720666666666666
2017-12-22,13.27,13.38,13.16,13.35,2534449,NAVI,0.01753048780487808,12.761
2017-12-26,13.38,13.6401,13.35,13.46,1736776,NAVI,0.008239700374531925,12.802666666666665
2017-12-27,13.46,13.58,13.16,13.21,1750169,NAVI,-0.018573551263001486,12.840333333333335
2017-12-28,13.23,13.4,13.1435,13.37,1342976,NAVI,0.012112036336108883,12.874333333333333
2017-12-29,13.4,13.515,13.27,13.32,1856628,NAVI,-0.003739715781600519,12.898
2018-01-02,13.45,13.77,13.34,13.63,3568542,NAVI,0.02327327327327331,12.927
2018-01-03,13.57,13.79,13.55,13.78,2737030,NAVI,0.011005135730007233,12.969999999999999
2018-01-04,13.86,14.03,13.805,13.94,2975772,NAVI,0.011611030478955018,13.007333333333332
2018-01-05,14.0,14.03,13.82,14.01,2063354,NAVI,0.005021520803443349,13.054666666666666
2018-01-08,13.97,13.98,13.48,13.69,3288875,NAVI,-0.022840827980014296,13.096
2018-01-09,13.64,13.71,13.48,13.52,3381703,NAVI,-0.012417823228634035,13.135333333333334
2018-01-10,13.61,13.78,13.54,13.68,3608310,NAVI,0.011834319526627229,13.192000000000002
2018-01-11,13.74,14.06,13.73,13.97,3750945,NAVI,0.021198830409356793,13.242333333333333
2018-01-12,13.71,14.03,13.66,13.88,3882819,NAVI,-0.006442376521116668,13.277333333333333
2018-01-16,14.0,14.13,13.73,13.75,3871301,NAVI,-0.009365994236311294,13.315333333333333
2018-01-17,13.83,13.9,13.62,13.71,1948073,NAVI,-0.002909090909090847,13.338666666666667
2018-01-18,13.67,13.81,13.3,13.35,2560906,NAVI,-0.026258205689277985,13.341333333333333
2018-01-19,13.31,13.61,13.31,13.6,3080308,NAVI,0.018726591760299626,13.357000000000001
2018-01-22,13.62,13.6853,13.45,13.52,3511295,NAVI,-0.005882352941176476,13.377333333333333
2018-01-23,13.46,13.59,13.15,13.44,5346223,NAVI,-0.0059171597633136145,13.401
2018-01-24,13.27,14.65,13.27,14.51,8550718,NAVI,0.07961309523809526,13.459333333333332
2018-01-25,14.76,14.87,14.565,14.66,2932525,NAVI,0.01033769813921436,13.522666666666668
2018-01-26,14.65,14.7,14.27,14.54,2207836,NAVI,-0.008185538881309753,13.575333333333333
2018-01-29,14.48,14.58,14.38,14.39,2152680,NAVI,-0.010316368638239242,13.623666666666669
2018-01-30,14.29,14.49,14.23,14.23,2890264,NAVI,-0.011118832522585139,13.677333333333333
2018-01-31,14.23,14.45,14.13,14.25,2617292,NAVI,0.00140548137737172,13.712333333333333
2018-02-01,14.19,14.55,14.09,14.53,2643216,NAVI,0.0196491228070175,13.754333333333333
2018-02-02,14.5,14.515,14.075,14.21,3150548,NAVI,-0.02202339986235365,13.790333333333333
2018-02-05,14.04,14.23,13.425,13.63,3943325,NAVI,-0.04081632653061225,13.808333333333334
2018-02-06,13.19,13.81,13.08,13.76,3963863,NAVI,0.009537784299339618,13.829666666666666
2018-02-07,13.66,14.25,13.66,14.04,4277484,NAVI,0.02034883720930228,13.852666666666666
